Jogador,Time,#,Nação,Pos.,Idade,Min.,Gols,Assis.,PB,PT,TC,CaG,CrtsA,CrtV,Contatos,Div,Crts,Bloqueios,xG,npxG,xAG,SCA,GCA,Cmp,Att,Cmp%,PrgP,Conduções,PrgC,Tent,Suc,Data
Alonso Martínez,New York City FC,16,CRC,FW,25-339,57,1,0,0,0,2,1,0,0,17,0,0,0,0.5,0.5,0.0,0,0,11,12,"91,7",1,10,0,0,0,2024-09-18
Monsef Bakrar,New York City FC,9,ALG,FW,23-249,33,0,0,0,0,4,2,0,0,18,0,0,0,0.2,0.2,0.2,3,0,8,9,"88,9",1,10,0,3,0,2024-09-18
Agustin Ojeda,New York City FC,26,ARG,LW,20-091,45,0,0,0,0,1,0,0,0,35,1,0,2,0.0,0.0,0.0,2,0,21,25,"84,0",0,25,3,2,0,2024-09-18
Maximiliano Moralez,New York City FC,27,ARG,AM,37-204,45,0,0,0,0,1,0,0,0,40,0,0,0,0.3,0.3,0.1,5,0,30,39,"76,9",4,24,3,0,0,2024-09-18
Hannes Wolf,New York City FC,17,AUT,RW,25-155,57,0,0,0,0,1,0,0,0,36,2,0,0,0.0,0.0,0.1,2,0,21,27,"77,8",3,15,3,2,0,2024-09-18
Andrés Perea,New York City FC,8,USA,"DM,RW",23-309,33,0,0,0,0,1,0,0,0,26,0,0,1,0.2,0.2,0.0,4,0,22,25,"88,0",5,16,2,0,0,2024-09-18
Santiago Rodríguez,New York City FC,10,URU,"LW,AM",24-254,90,0,0,0,0,3,1,0,0,92,0,0,1,0.2,0.2,0.7,13,0,59,82,"72,0",9,56,7,4,4,2024-09-18
Keaton Parks,New York City FC,55,USA,DM,27-043,90,0,0,0,0,5,1,0,0,85,0,1,1,1.2,1.2,0.1,2,0,56,70,"80,0",12,50,3,2,1,2024-09-18
James Sands,New York City FC,6,USA,"DM,CB",24-074,90,0,0,0,0,1,0,0,0,72,1,0,1,0.0,0.0,0.0,2,1,62,69,"89,9",7,41,1,0,0,2024-09-18
Kevin O'Toole,New York City FC,22,USA,LB,25-279,90,0,1,0,0,1,0,1,0,101,0,0,1,0.0,0.0,0.5,7,1,81,95,"85,3",8,50,4,1,0,2024-09-18
Strahinja Tanasijević,New York City FC,12,SRB,CB,27-098,70,0,0,0,0,0,0,1,0,58,1,1,1,0.0,0.0,0.0,1,0,42,48,"87,5",3,38,1,0,0,2024-09-18
Jovan Mijatović,New York City FC,7,SRB,RW,19-069,20,0,0,0,0,2,2,0,0,7,0,0,0,0.1,0.1,0.0,2,0,2,5,"40,0",0,1,0,0,0,2024-09-18
Thiago Martins,New York City FC,13,BRA,CB,29-185,90,0,0,0,0,1,0,0,0,79,1,0,0,0.0,0.0,0.0,0,0,68,73,"93,2",7,47,0,0,0,2024-09-18
Tayvon Gray,New York City FC,24,JAM,RB,22-030,45,0,0,0,0,0,0,0,0,30,0,0,0,0.0,0.0,0.6,1,0,21,27,"77,8",2,21,1,0,0,2024-09-18
Mitja Ilenič,New York City FC,35,SVN,RB,19-267,45,0,0,0,0,3,1,0,0,49,0,0,0,0.1,0.1,0.3,4,0,33,41,"80,5",5,28,1,0,0,2024-09-18
Matt Freese,New York City FC,49,USA,GK,26-016,90,0,0,0,0,0,0,0,0,24,0,0,0,0.0,0.0,0.0,0,0,21,23,"91,3",0,17,0,0,0,2024-09-18
Tai Baribo,Philadelphia Union,28,ISR,FW,26-247,78,1,1,0,0,3,2,0,0,23,1,0,0,0.5,0.5,0.1,3,2,13,16,"81,3",0,11,0,0,0,2024-09-18
Quinn Sullivan,Philadelphia Union,33,USA,FW,20-175,12,0,1,0,0,0,0,0,0,5,0,0,0,0.0,0.0,0.2,1,1,4,4,"100,0",1,3,0,0,0,2024-09-18
Mikael Uhre,Philadelphia Union,7,DEN,FW,29-354,66,1,0,0,0,1,1,0,0,19,0,0,1,0.0,0.0,0.1,1,0,7,13,"53,8",0,14,2,0,0,2024-09-18
Samuel Adeniran,Philadelphia Union,9,USA,FW,25-354,24,0,0,0,0,1,1,0,0,10,1,0,0,0.0,0.0,0.0,1,1,3,5,"60,0",0,8,1,0,0,2024-09-18
Dániel Gazdag,Philadelphia Union,10,HUN,AM,28-200,89,1,0,0,0,1,1,1,0,49,2,0,1,0.7,0.7,0.0,1,0,31,42,"73,8",6,33,0,0,0,2024-09-18
Cavan Sullivan,Philadelphia Union,6,USA,AM,14-356,1,0,0,0,0,0,0,0,0,1,1,0,0,0.0,0.0,0.0,0,0,0,0,,0,1,0,0,0,2024-09-18
Jack McGlynn,Philadelphia Union,16,USA,LM,21-073,90,0,0,0,0,2,0,0,0,64,0,0,2,0.0,0.0,0.1,5,0,50,56,"89,3",12,36,0,0,0,2024-09-18
Alejandro Bedoya,Philadelphia Union,11,USA,RM,37-142,78,0,0,0,0,1,0,0,0,48,4,2,2,0.1,0.1,0.0,1,0,22,34,"64,7",5,11,0,0,0,2024-09-18
Jesús Daniel Bueno,Philadelphia Union,20,VEN,RM,25-156,12,1,0,0,0,1,1,0,0,7,0,0,0,0.2,0.2,0.0,0,0,4,5,"80,0",1,3,0,0,0,2024-09-18
Leon Flach,Philadelphia Union,31,USA,DM,23-203,90,0,0,0,0,1,0,0,0,41,3,2,1,0.1,0.1,0.0,2,1,25,29,"86,2",2,15,0,0,0,2024-09-18
Kai Wagner,Philadelphia Union,27,GER,LB,27-216,90,0,1,0,0,0,0,0,0,61,1,0,3,0.0,0.0,0.2,3,0,32,52,"61,5",2,23,0,0,0,2024-09-18
Nathan Harriel,Philadelphia Union,26,USA,CB,23-148,90,0,0,0,0,0,0,0,0,40,2,5,1,0.0,0.0,0.0,1,1,22,28,"78,6",2,12,0,0,0,2024-09-18
Jakob Glesnes,Philadelphia Union,5,NOR,CB,30-177,90,1,0,0,0,1,1,0,0,45,2,1,4,0.2,0.2,0.0,0,0,19,27,"70,4",0,14,0,0,0,2024-09-18
Olivier Mbaizo,Philadelphia Union,15,CMR,RB,27-034,90,0,1,0,0,0,0,0,0,48,1,2,6,0.0,0.0,0.3,1,1,29,36,"80,6",2,15,0,2,1,2024-09-18
Andrew Rick,Philadelphia Union,76,USA,GK,18-232,90,0,0,0,0,0,0,0,0,35,1,0,0,0.0,0.0,0.0,0,0,9,29,"31,0",0,11,0,0,0,2024-09-18
Bobby Wood,New England Revolution,17,USA,FW,31-308,70,1,0,0,0,1,1,0,0,17,0,0,0,0.0,0.0,0.0,0,0,12,14,"85,7",0,9,0,1,0,2024-09-18
Giacomo Vrioni,New England Revolution,9,ALB,FW,25-339,20,0,0,0,0,1,1,0,0,3,0,0,0,0.1,0.1,0.0,0,0,0,2,"0,0",0,2,0,0,0,2024-09-18
Esmir Bajraktarevic,New England Revolution,47,BIH,LW,19-192,81,1,0,0,0,5,2,0,0,58,1,0,2,0.5,0.5,0.0,0,0,40,46,"87,0",3,35,4,3,2,2024-09-18
Nacho Gil,New England Revolution,21,ESP,LW,29-009,9,0,0,0,0,0,0,0,0,10,1,0,0,0.0,0.0,0.2,2,0,6,7,"85,7",0,5,1,0,0,2024-09-18
Luca Langoni,New England Revolution,41,ARG,RW,22-222,70,0,0,0,0,0,0,0,0,27,1,1,1,0.0,0.0,0.1,1,0,17,20,"85,0",1,19,0,4,3,2024-09-18
Emmanuel Boateng,New England Revolution,18,GHA,RW,30-245,20,0,0,0,0,1,0,1,0,9,0,0,0,0.1,0.1,0.0,1,0,4,6,"66,7",1,6,0,0,0,2024-09-18
Carles Gil,New England Revolution,10,ESP,AM,31-301,90,0,1,0,0,4,0,0,0,86,0,0,1,0.4,0.4,0.5,14,3,58,73,"79,5",14,61,9,5,5,2024-09-18
Mark-Anthony Kaye,New England Revolution,28,CAN,DM,29-291,81,0,0,0,0,0,0,0,0,49,2,0,2,0.0,0.0,0.0,3,0,39,42,"92,9",4,33,0,1,1,2024-09-18
Ian Harkes,New England Revolution,14,USA,DM,29-172,9,0,0,0,0,1,0,0,0,9,0,0,0,0.1,0.1,0.0,0,0,8,8,"100,0",2,6,0,0,0,2024-09-18
Matt Polster,New England Revolution,8,USA,DM,31-102,66,0,0,0,0,1,0,0,0,58,0,3,1,0.0,0.0,0.0,3,0,44,49,"89,8",3,37,0,0,0,2024-09-18
Alhassan Yusuf,New England Revolution,80,NGA,DM,24-062,24,0,0,0,0,1,1,0,0,25,4,1,1,0.0,0.0,0.0,0,0,18,19,"94,7",4,16,0,0,0,2024-09-18
Peyton Miller,New England Revolution,25,USA,LB,17-126,90,0,1,0,0,0,0,1,0,68,3,3,2,0.0,0.0,0.0,3,0,43,55,"78,2",4,32,2,1,0,2024-09-18
David Romney,New England Revolution,2,USA,CB,31-098,90,0,0,0,0,1,1,0,0,63,0,1,0,0.1,0.1,0.0,0,0,50,56,"89,3",2,35,0,0,0,2024-09-18
Xavier Arreaga,New England Revolution,3,ECU,CB,29-356,90,0,0,0,0,0,0,0,0,61,0,1,2,0.0,0.0,0.1,2,0,48,52,"92,3",5,42,0,0,0,2024-09-18
Nick Lima,New England Revolution,12,USA,RB,29-306,90,0,0,0,0,1,0,0,0,71,0,0,2,0.1,0.1,0.1,3,1,56,64,"87,5",5,37,1,0,0,2024-09-18
Aljaž Ivačič,New England Revolution,31,SVN,GK,30-264,90,0,0,0,0,0,0,0,0,27,0,0,0,0.0,0.0,0.0,0,0,18,23,"78,3",0,9,0,0,0,2024-09-18
Matías Cóccaro,CF Montréal,9,URU,FW,26-308,83,0,0,0,0,3,1,0,0,27,0,0,1,0.1,0.1,0.0,2,0,13,17,"76,5",0,10,0,1,0,2024-09-18
Josef Martínez,CF Montréal,17,VEN,FW,31-122,7,0,0,0,0,0,0,0,0,1,0,0,0,0.0,0.0,0.0,0,0,1,1,"100,0",0,1,0,0,0,2024-09-18
Kwadwo Opoku,CF Montréal,7,GHA,AM,23-067,61,0,0,0,0,0,0,0,0,25,1,0,1,0.0,0.0,0.1,1,0,16,21,"76,2",3,19,3,2,2,2024-09-18
Dominik Yankov,CF Montréal,8,BUL,AM,24-052,29,0,0,0,0,2,1,0,0,9,0,0,0,0.1,0.1,0.0,1,0,1,5,"20,0",0,7,3,2,1,2024-09-18
Jules-Anthony Vilsaint,CF Montréal,28,CAN,AM,21-256,61,0,0,0,0,0,0,0,0,13,1,0,0,0.0,0.0,0.1,2,0,7,10,"70,0",1,10,0,2,2,2024-09-18
Caden Clark,CF Montréal,23,USA,AM,21-114,29,0,0,0,0,0,0,0,0,16,1,0,0,0.0,0.0,0.0,3,1,10,13,"76,9",2,8,1,2,1,2024-09-18
Nathan-Dylan Saliba,CF Montréal,19,CAN,CM,20-020,90,1,0,0,0,3,1,0,0,38,3,0,0,0.1,0.1,0.0,2,0,24,28,"85,7",7,18,1,3,2,2024-09-18
Samuel Piette,CF Montréal,6,CAN,CM,29-311,90,0,0,0,0,1,1,0,0,52,1,0,0,0.0,0.0,0.0,3,1,40,47,"85,1",5,26,1,1,1,2024-09-18
Tom Pearce,CF Montréal,46,ENG,WB,26-159,78,1,0,0,0,1,1,1,0,51,0,0,0,0.0,0.0,0.1,2,0,30,44,"68,2",5,16,0,0,0,2024-09-18
Raheem Edwards,CF Montréal,44,CAN,WB,29-065,12,0,0,0,0,0,0,0,0,11,0,0,0,0.0,0.0,0.0,0,0,3,4,"75,0",1,8,1,2,0,2024-09-18
Dawid Bugaj,CF Montréal,27,POL,WB,20-071,61,0,0,0,0,0,0,0,0,27,2,0,1,0.0,0.0,0.0,1,0,15,21,"71,4",2,6,1,0,0,2024-09-18
Jahkeele Marshall-Rutty,CF Montréal,11,CAN,WB,20-094,29,0,0,0,0,1,0,1,0,19,1,0,0,0.0,0.0,0.0,1,0,14,17,"82,4",3,12,3,0,0,2024-09-18
Fernando Álvarez,CF Montréal,4,COL,CB,21-025,90,0,0,0,0,0,0,0,0,46,0,1,1,0.0,0.0,0.0,0,0,33,38,"86,8",2,26,0,0,0,2024-09-18
Gabriele Corbo,CF Montréal,25,ITA,CB,24-251,90,0,0,0,0,1,0,0,0,60,1,0,2,0.0,0.0,0.0,0,0,39,50,"78,0",1,25,0,0,0,2024-09-18
George Campbell,CF Montréal,24,USA,CB,23-088,90,0,1,0,0,0,0,0,0,72,1,1,1,0.0,0.0,0.0,2,2,48,63,"76,2",1,34,1,0,0,2024-09-18
Jonathan Sirois,CF Montréal,40,CAN,GK,23-083,90,0,0,0,0,0,0,0,0,37,0,0,0,0.0,0.0,0.0,0,0,25,34,"73,5",0,19,0,0,0,2024-09-18
Daniel Armando Ríos,Atlanta United,19,MEX,FW,29-209,71,0,0,0,0,1,1,0,0,18,0,0,1,0.0,0.0,0.0,0,0,11,13,"84,6",2,8,0,0,0,2024-09-18
Jamal Thiaré,Atlanta United,29,SEN,FW,31-171,19,0,0,0,0,0,0,0,0,2,1,0,0,0.0,0.0,0.0,0,0,0,1,"0,0",0,0,0,0,0,2024-09-18
Saba Lobzhanidze,Atlanta United,9,GEO,LW,29-275,90,1,0,0,0,5,1,0,0,47,0,0,0,0.6,0.6,0.0,1,0,24,33,"72,7",5,31,4,6,1,2024-09-18
Aleksei Miranchuk,Atlanta United,59,RUS,RW,28-337,90,1,0,0,0,4,1,0,0,51,0,0,1,0.2,0.2,0.2,4,1,34,44,"77,3",9,34,3,1,1,2024-09-18
Tristan Muyumba,Atlanta United,8,,LM,27-195,60,0,0,0,0,0,0,0,0,36,0,1,0,0.0,0.0,0.0,0,0,28,31,"90,3",2,23,1,1,0,2024-09-18
Ajani Fortune,Atlanta United,35,TRI,LM,21-263,30,0,0,0,0,2,0,0,0,22,0,1,0,0.2,0.2,0.0,3,0,15,18,"83,3",4,15,2,1,1,2024-09-18
Dax McCarty,Atlanta United,13,USA,CM,37-141,61,0,0,0,0,0,0,1,0,40,2,1,0,0.0,0.0,0.0,2,1,34,36,"94,4",7,25,1,0,0,2024-09-18
Edwin Mosquera,Atlanta United,20,COL,CM,23-083,29,0,0,0,0,3,1,0,0,22,0,0,1,0.6,0.6,0.2,3,0,9,15,"60,0",0,18,2,4,1,2024-09-18
Bartosz Slisz,Atlanta United,6,POL,RM,25-173,90,0,0,0,0,1,0,0,0,72,2,1,1,0.0,0.0,0.4,3,0,50,64,"78,1",5,41,1,1,1,2024-09-18
Pedro Amador,Atlanta United,18,POR,LB,25-275,90,0,1,0,0,0,0,0,0,61,1,4,2,0.0,0.0,0.1,2,1,44,51,"86,3",8,34,5,1,0,2024-09-18
Derrick Williams,Atlanta United,3,IRL,CB,31-245,90,0,0,0,0,1,1,0,0,62,1,1,3,0.0,0.0,0.0,1,0,46,52,"88,5",7,36,1,0,0,2024-09-18
Stian Rode Gregersen,Atlanta United,5,NOR,CB,29-124,90,0,0,0,0,0,0,0,0,69,7,3,0,0.0,0.0,0.0,2,0,54,59,"91,5",4,49,2,0,0,2024-09-18
Brooks Lennon,Atlanta United,11,USA,RB,26-362,90,0,1,0,0,0,0,0,0,54,0,0,0,0.0,0.0,0.4,5,1,42,51,"82,4",4,25,1,1,0,2024-09-18
Brad Guzan,Atlanta United,1,USA,GK,40-009,90,0,0,0,0,0,0,0,0,32,0,0,0,0.0,0.0,0.0,1,0,22,28,"78,6",0,14,0,0,0,2024-09-18
Leonardo Campana,Inter Miami,8,ECU,FW,24-056,79,1,0,0,0,1,1,1,0,27,0,0,0,0.1,0.1,0.0,0,0,17,21,"81,0",2,12,1,2,0,2024-09-18
Luis Suárez,Inter Miami,9,URU,FW,37-238,11,0,0,0,0,1,0,0,0,10,0,0,0,0.5,0.5,0.0,0,0,6,7,"85,7",1,3,0,1,0,2024-09-18
Robert Taylor,Inter Miami,16,FIN,LW,29-333,66,0,0,0,0,1,0,0,0,22,0,0,0,0.1,0.1,0.0,1,0,14,20,"70,0",3,17,3,0,0,2024-09-18
Federico Redondo,Inter Miami,55,ARG,DM,21-244,24,0,0,0,0,1,0,0,0,31,1,0,1,0.1,0.1,0.1,1,0,27,28,"96,4",3,16,0,0,0,2024-09-18
Julian Gressel,Inter Miami,24,USA,RW,30-277,60,0,0,0,0,1,1,0,0,30,0,0,0,0.0,0.0,0.0,1,0,17,26,"65,4",3,19,4,1,1,2024-09-18
Lionel Messi,Inter Miami,10,ARG,AM,37-086,30,0,0,0,0,2,1,0,0,26,0,0,0,0.2,0.2,0.0,4,0,18,20,"90,0",6,24,4,2,1,2024-09-18
Ben Cremaschi,Inter Miami,30,USA,"LM,RW",19-200,90,0,0,0,0,0,0,0,0,47,1,0,0,0.0,0.0,0.1,3,1,39,42,"92,9",2,33,0,1,0,2024-09-18
Yannick Bright,Inter Miami,42,ITA,"CM,DM",23-015,90,0,0,0,0,0,0,0,0,53,2,1,0,0.0,0.0,0.0,2,1,42,46,"91,3",3,22,0,0,0,2024-09-18
David Ruiz,Inter Miami,41,HON,"RM,DM",20-223,66,1,0,0,0,2,2,0,0,37,3,2,1,0.6,0.6,0.0,0,0,22,26,"84,6",0,15,1,3,1,2024-09-18
Jordi Alba,Inter Miami,18,ESP,LW,35-181,24,0,0,0,0,1,1,0,0,39,0,0,1,0.2,0.2,0.0,1,0,29,35,"82,9",0,23,4,0,0,2024-09-18
Franco Negri,Inter Miami,33,ARG,LB,29-211,90,0,0,0,0,1,0,0,0,60,3,0,0,0.0,0.0,0.3,5,1,43,53,"81,1",2,33,1,1,1,2024-09-18
Serhiy Kryvtsov,Inter Miami,27,UKR,CB,33-187,79,0,0,0,0,0,0,0,0,65,0,1,1,0.0,0.0,0.0,1,0,55,60,"91,7",2,52,1,0,0,2024-09-18
Ryan Sailor,Inter Miami,15,USA,CB,25-296,11,0,0,0,0,0,0,0,0,7,1,0,2,0.0,0.0,0.0,0,0,5,5,"100,0",0,2,0,0,0,2024-09-18
Ian Fray,Inter Miami,17,USA,CB,22-018,90,0,0,0,0,0,0,0,0,74,1,5,3,0.0,0.0,0.0,0,0,48,59,"81,4",2,49,1,0,0,2024-09-18
Marcelo Weigandt,Inter Miami,57,ARG,RB,24-251,90,0,0,0,0,1,0,1,0,70,3,1,1,0.0,0.0,0.1,3,1,45,55,"81,8",3,18,1,0,0,2024-09-18
Drake Callender,Inter Miami,1,USA,GK,26-347,90,0,0,0,0,0,0,0,0,43,0,0,0,0.0,0.0,0.0,0,0,35,41,"85,4",0,26,0,0,0,2024-09-18
Deandre Kerr,Toronto FC,29,CAN,FW,21-304,81,0,0,0,0,0,0,0,0,16,0,0,0,0.0,0.0,0.1,2,0,8,11,"72,7",2,10,2,2,1,2024-09-18
Prince Osei Owusu,Toronto FC,99,GER,FW,27-255,9,0,0,0,0,0,0,0,0,5,3,1,0,0.0,0.0,0.0,1,0,0,0,,0,2,0,0,0,2024-09-18
Lorenzo Insigne,Toronto FC,24,ITA,AM,33-106,69,0,0,0,0,3,3,0,0,53,1,0,0,0.4,0.4,0.0,3,0,40,47,"85,1",5,36,2,0,0,2024-09-18
Kosi Thompson,Toronto FC,47,CAN,AM,21-235,21,0,0,0,0,1,0,0,0,18,2,0,0,0.1,0.1,0.0,0,0,12,15,"80,0",2,7,0,0,0,2024-09-18
Jonathan Osorio,Toronto FC,21,CAN,AM,32-098,45,0,0,0,0,1,0,0,0,22,0,0,0,0.1,0.1,0.0,1,0,16,19,"84,2",1,11,0,0,0,2024-09-18
Tyrese Spicer,Toronto FC,16,,WB,,45,0,0,0,0,0,0,0,0,16,1,1,1,0.0,0.0,0.0,0,0,7,10,"70,0",0,6,0,2,0,2024-09-18
Alonso Coello,Toronto FC,14,ESP,CM,24-342,90,0,0,0,0,1,1,0,0,82,2,1,3,0.0,0.0,0.1,5,0,59,73,"80,8",10,41,0,1,1,2024-09-18
Matthew Longstaff,Toronto FC,8,ENG,CM,24-181,81,0,0,0,0,0,0,0,0,59,1,0,3,0.0,0.0,0.0,0,0,46,53,"86,8",6,36,0,0,0,2024-09-18
Brandon Servania,Toronto FC,23,USA,CM,25-190,9,0,0,0,0,0,0,0,0,5,0,0,0,0.0,0.0,0.0,0,0,2,5,"40,0",0,4,1,0,0,2024-09-18
Derrick Etienne,Toronto FC,11,HAI,"AM,WB",27-298,90,0,0,0,0,1,0,0,0,56,0,1,2,0.1,0.1,0.2,3,0,39,47,"83,0",7,31,1,1,0,2024-09-18
Federico Bernardeschi,Toronto FC,10,ITA,WB,30-215,90,0,0,0,0,4,0,1,0,55,1,1,2,0.2,0.2,0.4,3,0,30,44,"68,2",4,36,9,6,3,2024-09-18
Raoul Petretta,Toronto FC,28,ITA,CB,27-178,90,0,0,0,0,0,0,0,0,78,1,2,0,0.0,0.0,0.0,0,0,65,71,"91,5",2,53,2,0,0,2024-09-18
Sigurd Rosted,Toronto FC,17,NOR,CB,30-058,90,0,0,0,0,0,0,0,0,56,2,5,1,0.0,0.0,0.0,0,0,43,45,"95,6",0,38,1,0,0,2024-09-18
Richie Laryea,Toronto FC,22,CAN,CB,29-255,90,0,0,0,0,1,0,1,0,59,3,0,0,0.0,0.0,0.0,3,0,46,50,"92,0",4,34,1,0,0,2024-09-18
Sean Johnson,Toronto FC,1,USA,GK,35-110,90,0,0,0,0,0,0,0,0,37,0,0,0,0.0,0.0,0.0,1,0,31,36,"86,1",0,20,0,0,0,2024-09-18
Jacen Russell-Rowe,Columbus Crew,19,CAN,FW,22-005,65,0,1,0,0,0,0,0,0,21,0,0,0,0.0,0.0,0.0,1,1,13,16,"81,3",3,7,2,4,1,2024-09-18
Aziel Jackson,Columbus Crew,13,USA,FW,22-330,25,0,0,0,0,1,0,0,0,13,0,0,0,0.0,0.0,0.1,1,0,6,8,"75,0",0,9,1,1,1,2024-09-18
Diego Rossi,Columbus Crew,10,URU,AM,26-197,45,0,0,0,0,0,0,0,0,16,0,0,1,0.0,0.0,0.0,0,0,9,13,"69,2",0,4,0,1,0,2024-09-18
Cucho,Columbus Crew,9,COL,AM,25-151,45,1,1,0,0,2,1,0,0,29,1,0,0,0.1,0.1,0.9,2,1,20,24,"83,3",3,16,1,1,0,2024-09-18
Dylan Chambost,Columbus Crew,7,FRA,AM,27-030,84,0,0,0,0,1,0,0,0,53,2,0,2,0.2,0.2,0.0,2,1,34,45,"75,6",4,22,0,0,0,2024-09-18
Alexandru Mățan,Columbus Crew,20,ROU,"AM,CM",25-020,6,0,0,0,0,0,0,1,0,6,0,0,0,0.0,0.0,0.0,0,0,6,6,"100,0",1,2,0,0,0,2024-09-18
Derrick Jones,Columbus Crew,5,USA,CM,27-199,89,0,0,0,0,0,0,1,0,51,2,1,0,0.0,0.0,0.0,1,1,38,45,"84,4",2,21,0,0,0,2024-09-18
Yaw Yeboah,Columbus Crew,14,GHA,AM,27-174,1,0,0,0,0,0,0,0,0,0,0,0,0,0.0,0.0,0.0,0,0,0,0,,0,0,0,0,0,2024-09-18
Sean Zawadzki,Columbus Crew,25,USA,CM,24-150,90,0,0,0,0,1,1,0,0,52,1,2,1,0.0,0.0,0.0,2,0,37,44,"84,1",4,24,2,2,1,2024-09-18
DeJuan Jones,Columbus Crew,12,USA,WB,27-086,65,0,0,0,0,0,0,0,0,33,1,0,2,0.0,0.0,0.0,0,0,21,26,"80,8",0,18,0,1,0,2024-09-18
Maximilian Arfsten,Columbus Crew,27,USA,WB,23-152,25,0,0,0,0,0,0,0,0,11,1,0,1,0.0,0.0,0.0,1,0,7,8,"87,5",2,7,1,1,1,2024-09-18
Marcelo Herrera,Columbus Crew,2,ARG,WB,25-320,90,1,0,0,0,2,2,0,0,32,0,3,0,0.8,0.8,0.0,1,0,18,22,"81,8",2,9,0,1,1,2024-09-18
Malte Amundsen,Columbus Crew,18,DEN,CB,26-220,90,0,0,0,0,0,0,0,0,92,1,1,2,0.0,0.0,0.0,1,0,71,85,"83,5",3,38,0,0,0,2024-09-18
Rudy Camacho,Columbus Crew,4,FRA,CB,33-197,90,0,0,0,0,0,0,0,0,91,2,3,1,0.0,0.0,0.0,2,0,72,84,"85,7",2,39,2,0,0,2024-09-18
Yevhen Cheberko,Columbus Crew,21,UKR,CB,26-239,90,0,0,0,0,0,0,0,0,76,3,0,2,0.0,0.0,0.0,0,0,58,65,"89,2",1,36,1,1,1,2024-09-18
Patrick Schulte,Columbus Crew,28,USA,GK,23-189,90,0,0,0,0,0,0,0,0,37,0,0,0,0.0,0.0,0.0,0,0,33,36,"91,7",0,19,0,0,0,2024-09-18
Kelvin Yeboah,Minnesota United,9,ITA,FW,24-135,90,1,0,1,1,2,1,0,0,27,0,0,0,1.0,0.2,0.0,0,0,9,16,"56,3",0,19,0,3,1,2024-09-18
Joaquín Pereyra,Minnesota United,26,ARG,LW,25-292,45,0,0,0,0,1,1,1,0,21,2,0,1,0.1,0.1,0.2,2,0,15,17,"88,2",6,17,2,0,0,2024-09-18
Tani Oluwaseyi,Minnesota United,14,CAN,LW,24-126,45,0,0,0,0,0,0,0,0,16,1,1,2,0.0,0.0,0.0,1,0,8,11,"72,7",0,10,1,0,0,2024-09-18
Bongokuhle Hlongwane,Minnesota United,21,RSA,RW,24-090,45,0,0,0,0,1,1,0,0,27,2,0,2,0.0,0.0,0.0,1,0,16,19,"84,2",2,21,2,3,1,2024-09-18
Jeong Sangbin,Minnesota United,11,KOR,RW,22-170,45,0,0,0,0,0,0,0,0,20,0,0,0,0.0,0.0,0.0,4,1,15,20,"75,0",1,17,1,0,0,2024-09-18
Robin Lod,Minnesota United,17,FIN,AM,31-154,80,0,0,0,0,1,0,0,0,34,0,0,1,0.0,0.0,0.0,3,0,21,28,"75,0",2,24,1,2,1,2024-09-18
Franco Fragapane,Minnesota United,7,ARG,AM,31-225,10,0,0,0,0,0,0,0,0,12,0,0,1,0.0,0.0,0.0,1,0,8,10,"80,0",1,8,1,1,1,2024-09-18
Carlos Harvey,Minnesota United,67,PAN,DM,24-228,45,0,0,0,0,0,0,0,0,41,3,0,0,0.0,0.0,0.0,1,0,29,32,"90,6",2,27,1,3,2,2024-09-18
Wil Trapp,Minnesota United,20,USA,DM,31-247,45,0,0,0,0,1,0,0,0,33,0,0,1,0.0,0.0,0.0,2,0,23,29,"79,3",3,21,0,0,0,2024-09-18
Hassani Dotson,Minnesota United,31,USA,DM,27-043,90,0,0,0,0,0,0,0,0,62,4,2,4,0.0,0.0,0.2,4,1,39,46,"84,8",6,31,0,3,0,2024-09-18
Joseph Rosales,Minnesota United,8,HON,LB,23-317,90,0,0,0,0,1,0,0,0,82,1,1,1,0.0,0.0,0.1,4,0,46,72,"63,9",2,40,0,5,4,2024-09-18
Miguel Tapias,Minnesota United,4,MEX,CB,27-253,85,0,0,0,0,0,0,0,0,41,1,0,0,0.0,0.0,0.0,0,0,30,35,"85,7",0,18,0,1,0,2024-09-18
Teemu Pukki,Minnesota United,22,FIN,CB,34-173,5,0,0,0,0,2,1,0,0,13,0,0,0,0.1,0.1,0.2,1,0,8,8,"100,0",1,10,1,3,1,2024-09-18
Michael Boxall,Minnesota United,15,NZL,CB,36-031,90,0,0,0,0,1,0,0,0,44,0,1,0,0.0,0.0,0.1,2,0,32,38,"84,2",1,27,0,0,0,2024-09-18
Jefferson Díaz,Minnesota United,28,COL,RB,23-288,90,0,0,0,0,4,0,0,0,63,2,1,1,0.4,0.4,0.0,2,0,43,51,"84,3",5,35,3,2,1,2024-09-18
Dayne St. Clair,Minnesota United,97,CAN,GK,27-132,90,0,0,0,0,0,0,0,0,33,1,0,0,0.0,0.0,0.0,0,0,20,28,"71,4",1,15,0,0,0,2024-09-18
Yuya Kubo,FC Cincinnati,7,JPN,FW,30-269,84,1,1,0,0,2,2,0,0,26,1,0,1,0.5,0.5,0.4,4,1,16,19,"84,2",0,17,2,2,1,2024-09-18
Corey Baird,FC Cincinnati,11,USA,FW,28-232,6,0,0,0,0,0,0,0,0,6,0,1,0,0.0,0.0,0.0,0,0,1,2,"50,0",0,3,0,0,0,2024-09-18
Kevin Kelsy,FC Cincinnati,19,VEN,FW,20-053,67,0,0,0,0,1,0,0,0,14,1,0,0,0.0,0.0,0.0,0,0,7,8,"87,5",0,10,1,1,0,2024-09-18
Sergio Santos Gomes,FC Cincinnati,17,BRA,FW,30-014,23,0,0,0,0,0,0,0,0,13,0,0,0,0.0,0.0,0.0,0,0,5,10,"50,0",0,9,0,1,1,2024-09-18
Luciano Acosta,FC Cincinnati,10,ARG,AM,30-110,89,0,0,0,0,3,1,0,0,59,0,1,1,0.1,0.1,0.3,6,0,35,48,"72,9",5,34,1,2,0,2024-09-18
Gerardo Valenzuela,FC Cincinnati,22,USA,AM,20-143,1,0,0,0,0,0,0,0,0,3,0,0,0,0.0,0.0,0.0,0,0,2,2,"100,0",0,2,0,0,0,2024-09-18
Pavel Bucha,FC Cincinnati,20,CZE,CM,26-191,90,0,0,0,0,2,0,1,0,62,5,2,4,0.2,0.2,0.0,0,0,46,50,"92,0",3,31,0,1,1,2024-09-18
Obinna Nwobodo,FC Cincinnati,5,NGA,CM,27-294,90,0,0,0,0,0,0,0,0,65,3,2,0,0.0,0.0,0.0,0,0,44,57,"77,2",5,34,3,0,0,2024-09-18
Luca Orellano,FC Cincinnati,23,ARG,WB,24-180,84,1,0,0,0,1,1,0,0,49,0,1,1,0.4,0.4,0.1,3,1,33,41,"80,5",2,33,3,3,2,2024-09-18
Alvas Powell,FC Cincinnati,2,JAM,WB,30-062,6,0,0,0,0,0,0,0,0,5,1,0,0,0.0,0.0,0.0,0,0,2,4,"50,0",0,1,0,0,0,2024-09-18
DeAndre Yedlin,FC Cincinnati,91,USA,WB,31-071,67,0,0,0,0,0,0,1,0,35,2,1,4,0.0,0.0,0.0,0,0,18,24,"75,0",0,16,1,0,0,2024-09-18
Yamil Asad,FC Cincinnati,27,ARG,WB,30-053,23,0,0,0,0,0,0,0,0,16,1,0,0,0.0,0.0,0.0,0,0,10,12,"83,3",1,9,0,0,0,2024-09-18
Ian Murphy,FC Cincinnati,32,USA,CB,24-246,90,0,0,0,0,0,0,1,0,68,1,0,1,0.0,0.0,0.1,1,0,57,67,"85,1",2,48,0,0,0,2024-09-18
Miles Robinson,FC Cincinnati,12,USA,CB,27-188,90,0,0,0,0,0,0,0,0,92,4,3,2,0.0,0.0,0.0,1,1,72,79,"91,1",7,59,0,1,1,2024-09-18
Chidozie Awaziem,FC Cincinnati,6,NGA,CB,27-261,90,0,1,0,0,2,1,0,0,87,2,1,1,0.1,0.1,0.4,2,1,60,72,"83,3",11,40,2,0,0,2024-09-18
Roman Celentano,FC Cincinnati,18,USA,GK,24-004,90,0,0,0,0,0,0,0,0,34,0,0,0,0.0,0.0,0.0,0,0,22,31,"71,0",0,16,0,0,0,2024-09-18
Anderson Julio,Real Salt Lake,29,ECU,FW,28-110,76,2,0,0,0,2,2,0,0,21,1,0,1,0.6,0.6,0.1,2,1,5,11,"45,5",0,11,1,1,0,2024-09-18
Diogo Gonçalves,Real Salt Lake,10,POR,FW,27-225,14,0,0,0,0,0,0,0,0,9,0,0,0,0.0,0.0,0.0,1,0,7,9,"77,8",0,3,0,0,0,2024-09-18
Lachlan Brook,Real Salt Lake,17,AUS,LW,23-223,56,0,0,0,0,3,3,0,0,29,1,0,0,0.1,0.1,0.0,1,1,14,20,"70,0",1,15,2,0,0,2024-09-18
Diego Luna,Real Salt Lake,8,USA,LW,21-011,34,0,0,0,0,2,1,0,0,25,0,0,1,0.1,0.1,0.1,2,0,15,21,"71,4",1,11,0,0,0,2024-09-18
Dominik Marczuk,Real Salt Lake,11,POL,RW,20-322,76,0,1,0,0,0,0,0,0,31,0,0,0,0.0,0.0,0.7,4,1,20,23,"87,0",3,16,3,2,0,2024-09-18
Bode Davis,Real Salt Lake,19,USA,RW,22-209,14,0,0,0,0,1,0,0,0,10,0,0,0,0.0,0.0,0.0,0,0,5,8,"62,5",1,8,0,0,0,2024-09-18
Matt Crooks,Real Salt Lake,25,ENG,AM,30-242,89,0,0,0,0,2,0,1,0,45,2,2,1,0.4,0.4,0.0,2,0,32,35,"91,4",5,19,1,1,0,2024-09-18
Maikel Chang,Real Salt Lake,16,CUB,AM,33-153,1,0,0,0,0,0,0,0,0,1,0,0,0,0.0,0.0,0.0,0,0,0,1,"0,0",0,1,0,0,0,2024-09-18
Braian Ojeda,Real Salt Lake,6,PAR,DM,24-083,90,0,0,0,0,2,0,0,0,67,2,1,2,0.1,0.1,0.0,1,0,48,56,"85,7",3,34,0,2,1,2024-09-18
Emeka Eneli,Real Salt Lake,14,USA,DM,24-336,90,0,0,0,0,0,0,1,0,59,1,1,3,0.0,0.0,0.0,1,0,44,51,"86,3",5,30,3,3,3,2024-09-18
Andrew Brody,Real Salt Lake,2,USA,LB,29-138,90,0,0,0,0,0,0,0,0,60,1,4,0,0.0,0.0,0.0,2,0,39,48,"81,3",2,29,4,3,1,2024-09-18
Brayan Vera,Real Salt Lake,4,COL,CB,25-247,90,1,0,1,1,0,0,0,0,64,1,1,1,0.8,0.0,0.3,2,1,43,53,"81,1",4,27,0,0,0,2024-09-18
Justen Glad,Real Salt Lake,15,USA,CB,27-203,90,0,0,0,0,0,0,0,0,48,1,1,1,0.0,0.0,0.0,0,0,34,38,"89,5",1,19,0,0,0,2024-09-18
Philip Quinton,Real Salt Lake,26,USA,RB,24-307,90,0,0,0,0,0,0,0,0,55,1,0,4,0.0,0.0,0.0,1,1,39,50,"78,0",5,16,0,0,0,2024-09-18
Gavin Beavers,Real Salt Lake,35,USA,GK,19-142,90,0,1,0,0,0,0,0,0,43,0,0,0,0.0,0.0,0.0,1,1,28,41,"68,3",0,22,0,0,0,2024-09-18
Petar Musa,FC Dallas,9,CRO,FW,26-198,90,0,0,0,0,3,0,0,0,39,0,0,1,0.4,0.4,0.2,3,1,20,28,"71,4",4,27,0,0,0,2024-09-18
Jesús Ferreira,FC Dallas,10,USA,"LW,RM",23-269,80,1,0,0,0,4,1,0,0,38,1,0,0,0.5,0.5,0.2,4,0,25,32,"78,1",4,21,0,0,0,2024-09-18
Bernard Kamungo,FC Dallas,77,USA,RM,22-261,10,0,0,0,0,1,1,0,0,9,0,0,0,0.2,0.2,0.0,0,0,6,8,"75,0",1,7,1,0,0,2024-09-18
Paul Arriola,FC Dallas,7,USA,"RW,LM",29-226,90,0,0,0,0,4,2,0,0,57,0,0,0,0.2,0.2,0.1,6,2,33,48,"68,8",6,38,3,1,0,2024-09-18
Sam Junqua,FC Dallas,29,USA,LM,27-314,45,0,0,0,0,0,0,0,0,45,2,1,1,0.0,0.0,0.0,0,0,31,41,"75,6",0,26,1,0,0,2024-09-18
Ruan,FC Dallas,5,BRA,"CB,LM,RM",29-112,45,0,0,0,0,0,0,0,0,22,1,0,0,0.0,0.0,0.1,1,0,16,19,"84,2",1,15,0,0,0,2024-09-18
Show,FC Dallas,21,ANG,CM,25-196,44,0,0,0,0,0,0,0,0,40,3,0,0,0.0,0.0,0.0,1,0,29,34,"85,3",0,28,0,1,1,2024-09-18
Alan Velasco,FC Dallas,20,ARG,"LW,CM",22-053,46,1,0,1,1,1,0,0,0,26,0,2,0,0.8,0.0,0.0,2,0,10,20,"50,0",3,14,3,0,0,2024-09-18
Asier Illarramendi,FC Dallas,14,ESP,CM,34-194,90,0,0,0,0,0,0,0,0,65,0,1,0,0.0,0.0,0.1,4,0,58,65,"89,2",6,48,0,1,1,2024-09-18
Sebastian Lletget,FC Dallas,8,USA,"RM,CM",32-015,90,0,0,0,0,0,0,0,0,75,3,0,0,0.0,0.0,0.6,5,0,60,71,"84,5",7,49,0,0,0,2024-09-18
Marco Farfan,FC Dallas,4,USA,CB,25-311,90,0,0,0,0,0,0,0,0,66,2,1,1,0.0,0.0,0.0,0,0,53,59,"89,8",4,42,0,1,0,2024-09-18
Sebastien Ibeagha,FC Dallas,25,USA,CB,32-241,90,0,0,0,0,0,0,0,0,49,2,1,0,0.0,0.0,0.0,0,0,36,43,"83,7",3,24,0,0,0,2024-09-18
Nkosi Tafari,FC Dallas,17,USA,CB,27-190,70,0,0,0,0,2,0,0,0,59,0,0,0,0.1,0.1,0.0,1,0,43,56,"76,8",5,38,1,0,0,2024-09-18
Logan Farrington,FC Dallas,23,USA,RW,22-279,20,0,0,0,0,0,0,0,0,3,0,0,0,0.0,0.0,0.0,0,0,3,3,"100,0",0,2,0,0,0,2024-09-18
Maarten Paes,FC Dallas,30,IDN,GK,26-127,90,0,0,0,0,0,0,0,0,44,0,0,0,0.0,0.0,0.0,0,0,31,43,"72,1",0,30,0,0,0,2024-09-18
Jordan Morris,Seattle Sounders FC,13,USA,FW,29-328,90,2,0,0,0,3,3,0,0,33,0,0,1,0.5,0.5,0.0,2,0,19,27,"70,4",1,28,3,2,1,2024-09-18
Paul Rothrock,Seattle Sounders FC,14,USA,LW,25-253,62,0,0,0,0,0,0,0,0,18,0,2,1,0.0,0.0,0.0,2,0,9,12,"75,0",2,16,3,1,0,2024-09-18
Reed Baker-Whiting,Seattle Sounders FC,21,USA,LW,19-171,28,0,0,0,0,0,0,0,0,25,1,0,1,0.0,0.0,0.0,1,0,14,18,"77,8",3,16,1,2,0,2024-09-18
Pedro De la Vega,Seattle Sounders FC,10,ARG,RW,23-224,62,0,1,0,0,2,0,0,0,33,1,0,0,0.0,0.0,0.2,2,0,21,25,"84,0",3,26,1,2,0,2024-09-18
Georgi Minoungou,Seattle Sounders FC,93,CIV,RW,22-055,28,0,0,0,0,0,0,0,0,13,0,0,0,0.0,0.0,0.2,2,0,6,8,"75,0",1,8,1,4,2,2024-09-18
Albert Rusnák,Seattle Sounders FC,11,SVK,AM,30-073,81,0,0,0,0,1,0,0,0,52,1,1,1,0.0,0.0,0.2,6,1,39,48,"81,3",4,29,1,0,0,2024-09-18
Danny Leyva,Seattle Sounders FC,75,USA,AM,21-136,9,0,0,0,0,0,0,0,0,7,0,0,0,0.0,0.0,0.1,2,0,7,7,"100,0",0,4,0,0,0,2024-09-18
Cristian Roldan,Seattle Sounders FC,7,USA,DM,29-107,90,0,0,0,0,2,0,0,0,63,1,1,3,0.1,0.1,0.0,2,0,42,53,"79,2",6,42,0,1,0,2024-09-18
Obed Vargas,Seattle Sounders FC,18,USA,DM,19-044,81,0,0,0,0,1,0,0,0,46,2,2,2,0.0,0.0,0.0,6,2,32,38,"84,2",5,34,0,2,1,2024-09-18
Joshua Atencio,Seattle Sounders FC,8,USA,DM,22-231,9,0,0,0,0,1,0,0,0,10,0,2,0,0.1,0.1,0.0,3,0,6,8,"75,0",1,8,1,1,1,2024-09-18
Nouhou Tolo,Seattle Sounders FC,5,CMR,LB,27-087,85,0,0,0,0,0,0,0,0,61,0,1,1,0.0,0.0,0.0,1,0,41,54,"75,9",3,46,4,4,1,2024-09-18
Jon Bell,Seattle Sounders FC,15,JAM,LB,27-023,5,0,0,0,0,0,0,0,0,3,0,0,0,0.0,0.0,0.0,0,0,1,3,"33,3",0,1,0,0,0,2024-09-18
Jackson Ragen,Seattle Sounders FC,25,USA,CB,25-360,90,0,0,0,0,4,0,0,0,68,1,1,1,0.1,0.1,0.0,1,0,49,60,"81,7",3,48,0,1,0,2024-09-18
Yeimar Gómez Andrade,Seattle Sounders FC,28,COL,CB,32-080,90,0,0,0,0,2,1,0,0,65,4,0,2,0.1,0.1,0.0,0,0,42,50,"84,0",2,36,0,0,0,2024-09-18
Alex Roldan,Seattle Sounders FC,16,SLV,RB,28-052,90,0,0,0,0,2,0,0,0,64,0,0,1,0.1,0.1,0.0,3,0,52,58,"89,7",7,44,0,1,1,2024-09-18
Stefan Frei,Seattle Sounders FC,24,SUI,GK,38-151,90,0,0,0,0,0,0,0,0,23,0,0,0,0.0,0.0,0.0,1,0,18,22,"81,8",0,14,0,0,0,2024-09-18
Ousseni Bouda,San Jose Earthquakes,17,BFA,FW,24-143,69,0,0,0,0,0,0,0,0,31,2,0,0,0.0,0.0,0.1,1,0,19,20,"95,0",2,18,3,1,1,2024-09-18
Alfredo Morales,San Jose Earthquakes,6,USA,DM,34-129,21,0,0,0,0,0,0,0,0,13,0,0,0,0.0,0.0,0.0,0,0,10,11,"90,9",1,8,1,0,0,2024-09-18
Amahl Pellegrino,San Jose Earthquakes,9,NOR,LW,34-092,81,1,0,0,0,1,1,0,0,33,1,0,1,0.5,0.5,0.0,1,1,22,26,"84,6",2,17,0,1,1,2024-09-18
Tommy Thompson,San Jose Earthquakes,22,USA,LW,29-034,9,0,0,0,0,0,0,0,0,3,0,0,0,0.0,0.0,0.0,0,0,2,2,"100,0",0,2,0,0,0,2024-09-18
Cristian Espinoza,San Jose Earthquakes,10,ARG,RW,29-168,90,0,1,0,0,2,1,1,0,68,3,1,0,0.1,0.1,0.6,6,2,48,60,"80,0",5,32,2,1,1,2024-09-18
Hernán López Muñoz,San Jose Earthquakes,23,ARG,AM,24-011,59,0,0,0,0,1,0,1,0,37,3,1,0,0.0,0.0,0.0,3,0,16,28,"57,1",2,19,0,0,0,2024-09-18
Jeremy Ebobisse,San Jose Earthquakes,11,USA,"FW,AM",27-217,31,0,1,0,0,1,0,0,0,12,0,0,0,0.1,0.1,0.6,1,1,8,10,"80,0",1,8,0,0,0,2024-09-18
Carlos Gruezo,San Jose Earthquakes,7,ECU,DM,29-152,90,0,0,0,0,2,0,1,0,59,2,2,0,0.1,0.1,0.0,0,0,46,50,"92,0",3,32,0,0,0,2024-09-18
Niko Tsakiris,San Jose Earthquakes,30,USA,DM,19-091,59,0,0,0,0,0,0,0,0,39,1,0,1,0.0,0.0,0.0,0,0,31,35,"88,6",1,24,2,0,0,2024-09-18
Jackson Yueill,San Jose Earthquakes,14,USA,"AM,DM",27-183,31,0,0,0,0,0,0,0,0,17,0,0,0,0.0,0.0,0.0,0,0,15,17,"88,2",0,9,1,0,0,2024-09-18
Oscar Verhoeven,San Jose Earthquakes,33,USA,LB,18-110,69,0,0,0,0,0,0,0,0,52,2,0,2,0.0,0.0,0.0,0,0,39,44,"88,6",3,22,1,0,0,2024-09-18
Paul Marie,San Jose Earthquakes,3,FRA,LB,29-178,21,1,0,0,0,1,1,0,0,23,1,0,0,0.6,0.6,0.0,0,0,17,22,"77,3",1,11,0,0,0,2024-09-18
Rodrigues,San Jose Earthquakes,26,BRA,CB,26-344,90,0,0,0,0,0,0,0,0,85,0,1,3,0.0,0.0,0.0,1,0,62,72,"86,1",7,48,0,0,0,2024-09-18
Daniel Munie,San Jose Earthquakes,24,USA,CB,24-221,90,0,0,0,0,0,0,0,0,71,0,1,0,0.0,0.0,0.0,1,0,59,64,"92,2",2,41,0,0,0,2024-09-18
Carlos Akapo,San Jose Earthquakes,29,EQG,RB,31-190,90,0,0,0,0,1,0,0,0,90,6,4,1,0.0,0.0,0.0,3,0,61,72,"84,7",6,33,1,0,0,2024-09-18
Daniel,San Jose Earthquakes,42,BRA,GK,30-135,90,0,0,0,0,0,0,0,0,45,0,0,0,0.0,0.0,0.0,1,0,37,44,"84,1",0,20,0,0,0,2024-09-18
Felipe Mora,Portland Timbers,9,CHI,FW,31-047,84,1,0,0,0,3,2,0,0,28,2,1,0,0.3,0.3,0.2,2,1,15,20,"75,0",3,18,1,1,0,2024-09-18
Cristhian Paredes,Portland Timbers,22,PAR,FW,26-123,6,0,0,0,0,0,0,0,0,9,0,1,0,0.0,0.0,0.0,0,0,4,7,"57,1",1,4,1,0,0,2024-09-18
Jonathan Rodríguez,Portland Timbers,14,URU,LW,31-074,78,1,1,0,0,6,4,0,0,46,2,0,0,0.7,0.7,0.4,7,2,23,32,"71,9",4,30,5,2,1,2024-09-18
Antony,Portland Timbers,11,BRA,LW,23-010,12,0,1,0,0,0,0,0,0,17,0,1,1,0.0,0.0,0.1,3,1,12,13,"92,3",0,10,2,1,0,2024-09-18
Santiago Moreno,Portland Timbers,30,COL,RW,24-150,90,0,1,0,0,2,1,0,0,63,0,4,1,0.1,0.1,0.3,9,2,41,51,"80,4",5,38,6,5,4,2024-09-18
Evander,Portland Timbers,10,BRA,AM,26-101,90,2,1,0,0,10,5,0,0,68,1,0,0,1.6,1.6,0.6,5,2,38,47,"80,9",4,39,4,5,1,2024-09-18
David Ayala,Portland Timbers,24,ARG,DM,22-054,66,0,0,0,0,1,0,1,0,55,2,3,0,0.3,0.3,0.1,1,0,39,44,"88,6",5,33,0,2,1,2024-09-18
Eryk Williamson,Portland Timbers,19,USA,DM,27-099,24,0,0,0,0,0,0,0,0,13,0,2,0,0.0,0.0,0.0,0,0,6,8,"75,0",1,5,1,0,0,2024-09-18
Diego Chará,Portland Timbers,21,COL,DM,38-166,90,0,0,0,0,0,0,0,0,60,1,1,3,0.0,0.0,0.1,4,0,48,51,"94,1",7,26,0,0,0,2024-09-18
Kamal Miller,Portland Timbers,4,CAN,LB,27-125,90,0,0,0,0,0,0,0,0,51,3,2,1,0.0,0.0,0.0,2,0,40,44,"90,9",3,25,2,2,2,2024-09-18
Dario Župarić,Portland Timbers,13,BIH,CB,32-138,90,0,0,0,0,0,0,1,0,47,3,3,2,0.0,0.0,0.0,0,0,30,34,"88,2",1,21,0,1,1,2024-09-18
Miguel Araujo,Portland Timbers,2,PER,CB,29-330,90,0,0,0,0,0,0,0,0,40,3,1,1,0.0,0.0,0.0,1,0,26,33,"78,8",4,27,0,0,0,2024-09-18
Juan David Mosquera,Portland Timbers,29,COL,RB,22-013,84,0,0,0,0,0,0,0,0,36,1,1,1,0.0,0.0,1.0,6,0,26,32,"81,3",5,24,3,1,1,2024-09-18
Eric Miller,Portland Timbers,15,USA,RB,31-247,6,0,0,0,0,0,0,0,0,1,0,0,0,0.0,0.0,0.0,0,0,1,1,"100,0",0,0,0,0,0,2024-09-18
Maxime Crépeau,Portland Timbers,16,CAN,GK,30-130,90,0,0,0,0,0,0,1,0,39,0,0,0,0.0,0.0,0.0,2,0,29,37,"78,4",0,18,0,0,0,2024-09-18
Miguel Berry,LA Galaxy,27,ESP,FW,27-002,60,0,1,0,0,2,0,0,0,20,0,0,0,0.2,0.2,0.2,2,1,14,15,"93,3",2,8,0,1,0,2024-09-18
Dejan Joveljić,LA Galaxy,9,SRB,FW,25-042,30,0,0,0,0,2,1,0,0,12,0,0,0,0.3,0.3,0.0,0,0,5,8,"62,5",1,5,0,0,0,2024-09-18
Joseph Paintsil,LA Galaxy,28,GHA,LW,26-230,84,1,0,0,0,4,1,0,0,48,2,0,0,1.0,1.0,0.1,4,1,36,39,"92,3",5,32,2,3,1,2024-09-18
Diego Fagúndez,LA Galaxy,7,URU,LW,29-217,6,0,0,0,0,0,0,0,0,4,0,0,0,0.0,0.0,0.0,0,0,2,4,"50,0",0,3,0,2,2,2024-09-18
Gabriel Chaves,LA Galaxy,11,BRA,RW,23-220,90,1,0,0,0,6,3,0,0,95,1,0,1,0.4,0.4,0.4,11,1,69,77,"89,6",5,63,7,7,4,2024-09-18
Riqui Puig,LA Galaxy,10,ESP,AM,25-036,90,0,0,0,0,8,1,0,0,138,0,0,2,0.3,0.3,0.4,9,0,103,123,"83,7",30,102,13,4,1,2024-09-18
Gastón Brugman,LA Galaxy,5,URU,DM,32-011,90,0,0,0,0,1,1,1,0,95,3,2,1,0.0,0.0,0.0,3,0,77,87,"88,5",19,57,2,1,0,2024-09-18
Marky Delgado,LA Galaxy,8,USA,DM,29-125,60,0,0,0,0,0,0,0,0,65,2,0,2,0.0,0.0,0.4,5,0,46,56,"82,1",5,29,4,2,0,2024-09-18
Marco Reus,LA Galaxy,18,GER,DM,35-110,30,0,0,0,0,0,0,0,0,31,1,0,0,0.0,0.0,0.1,4,0,24,27,"88,9",7,21,1,1,0,2024-09-18
John Nelson,LA Galaxy,14,USA,LB,26-069,66,0,0,0,0,0,0,0,0,49,2,1,0,0.0,0.0,0.0,0,0,39,45,"86,7",4,33,1,1,0,2024-09-18
Mauricio Cuevas,LA Galaxy,19,USA,RB,21-221,24,0,0,0,0,0,0,0,0,24,2,2,0,0.0,0.0,0.0,2,0,13,16,"81,3",2,9,0,0,0,2024-09-18
Maya Yoshida,LA Galaxy,4,JPN,CB,36-025,90,0,0,0,0,1,0,1,0,68,0,0,2,0.1,0.1,0.0,0,0,55,60,"91,7",2,45,0,0,0,2024-09-18
Jalen Neal,LA Galaxy,24,USA,CB,21-025,84,0,0,0,0,0,0,0,0,58,2,1,1,0.0,0.0,0.0,1,0,50,53,"94,3",2,31,0,1,1,2024-09-18
Carlos Garcés,LA Galaxy,25,COL,CB,22-343,6,0,0,0,0,0,0,0,0,8,0,1,2,0.0,0.0,0.0,0,0,4,6,"66,7",0,1,0,0,0,2024-09-18
Miki Yamane,LA Galaxy,2,JPN,"RB,LB",30-271,90,0,0,0,0,0,0,0,0,68,7,1,0,0.0,0.0,0.0,2,0,52,55,"94,5",2,39,2,1,0,2024-09-18
John McCarthy,LA Galaxy,77,USA,GK,32-076,90,0,0,0,0,0,0,0,0,29,0,0,0,0.0,0.0,0.0,0,0,18,23,"78,3",0,11,0,0,0,2024-09-18
Sam Surridge,Nashville SC,9,ENG,FW,26-052,90,1,0,0,0,2,1,0,0,29,2,1,0,0.2,0.2,0.0,0,0,11,21,"52,4",2,7,0,0,0,2024-09-18
Teal Bunbury,Nashville SC,12,USA,FW,34-204,62,0,0,0,0,0,0,0,0,16,1,0,1,0.0,0.0,0.0,0,0,9,14,"64,3",0,5,0,0,0,2024-09-18
Jonathan Perez,Nashville SC,24,MEX,"AM,FW",21-244,28,0,0,0,0,1,0,0,0,11,0,0,0,0.0,0.0,0.0,0,0,5,7,"71,4",1,7,1,2,0,2024-09-18
Hany Mukhtar,Nashville SC,10,GER,AM,29-181,75,0,1,0,0,2,1,0,0,29,0,0,0,0.1,0.1,0.2,3,1,21,23,"91,3",2,18,1,0,0,2024-09-18
Forster Ajago,Nashville SC,21,GHA,FW,23-033,15,0,0,0,0,0,0,1,0,5,2,0,0,0.0,0.0,0.0,0,0,0,1,"0,0",0,1,0,0,0,2024-09-18
Alex Muyl,Nashville SC,19,USA,LM,28-354,87,0,0,0,0,0,0,0,0,30,0,0,3,0.0,0.0,0.0,0,0,17,22,"77,3",1,13,0,1,0,2024-09-18
Josh Bauer,Nashville SC,22,USA,LM,26-058,3,0,0,0,0,0,0,0,0,1,0,0,0,0.0,0.0,0.0,0,0,0,0,,0,0,0,0,0,2024-09-18
Aníbal Godoy,Nashville SC,20,PAN,RM,34-221,62,0,0,0,0,0,0,1,0,49,2,0,0,0.0,0.0,0.0,0,0,47,50,"94,0",5,26,1,0,0,2024-09-18
Patrick Yazbek,Nashville SC,15,AUS,RM,22-166,28,0,0,0,0,0,0,1,0,14,2,1,0,0.0,0.0,0.0,1,0,10,11,"90,9",2,8,0,0,0,2024-09-18
Brian Anunga,Nashville SC,27,CMR,DM,28-039,75,0,0,0,0,0,0,0,0,36,1,1,1,0.0,0.0,0.0,1,0,27,29,"93,1",0,21,0,0,0,2024-09-18
Sean Davis,Nashville SC,54,USA,DM,31-223,15,0,0,0,0,0,0,0,0,2,0,0,0,0.0,0.0,0.0,0,0,0,0,,0,0,0,0,0,2024-09-18
Daniel Lovitz,Nashville SC,2,USA,LB,33-022,90,0,0,0,0,0,0,1,0,65,0,1,1,0.0,0.0,0.1,1,0,50,58,"86,2",2,38,0,1,0,2024-09-18
Jack Maher,Nashville SC,5,USA,CB,24-326,90,0,0,0,0,0,0,0,0,61,0,0,0,0.0,0.0,0.0,0,0,56,56,"100,0",1,38,0,0,0,2024-09-18
Walker Zimmerman,Nashville SC,25,USA,CB,31-122,90,0,0,0,0,0,0,0,0,66,0,1,0,0.0,0.0,0.0,2,0,49,52,"94,2",2,36,0,0,0,2024-09-18
Shaq Moore,Nashville SC,18,USA,RB,27-321,90,0,0,0,0,0,0,0,0,43,0,1,1,0.0,0.0,0.0,2,1,33,37,"89,2",6,30,4,3,1,2024-09-18
Joe Willis,Nashville SC,1,USA,GK,36-039,90,0,0,0,0,0,0,1,0,33,0,0,0,0.0,0.0,0.0,0,0,22,31,"71,0",0,14,0,0,0,2024-09-18
Georgios Koutsias,Chicago Fire,19,GRE,FW,20-223,90,0,0,0,0,1,0,0,0,18,1,0,0,0.1,0.1,0.1,2,0,16,17,"94,1",0,11,1,0,0,2024-09-18
Tom Barlow,Chicago Fire,12,USA,FW,29-072,45,0,0,0,0,2,2,0,0,6,0,0,0,0.1,0.1,0.0,1,0,4,4,"100,0",0,3,0,0,0,2024-09-18
Allan Arigoni,Chicago Fire,27,SUI,"FW,CB",25-319,45,0,0,0,0,2,0,0,0,52,1,0,0,0.2,0.2,0.0,0,0,46,49,"93,9",3,39,2,0,0,2024-09-18
Kellyn Acosta,Chicago Fire,23,USA,CM,29-056,45,0,0,0,0,0,0,0,0,31,0,0,1,0.0,0.0,0.0,2,0,25,27,"92,6",4,20,1,0,0,2024-09-18
Brian Gutiérrez,Chicago Fire,17,USA,"CM,FW",21-093,45,0,0,0,0,0,0,0,0,31,0,0,0,0.0,0.0,0.0,0,0,17,27,"63,0",2,14,2,3,1,2024-09-18
Gastón Giménez,Chicago Fire,30,PAR,CM,33-053,90,0,0,0,0,2,1,0,0,65,2,0,1,0.0,0.0,0.0,1,0,56,61,"91,8",5,30,1,0,0,2024-09-18
Fabian Herbers,Chicago Fire,21,GER,CM,31-032,90,0,0,0,0,0,0,0,0,66,4,0,1,0.0,0.0,0.0,1,0,48,57,"84,2",9,35,0,3,2,2024-09-18
Ariel Lassiter,Chicago Fire,11,CRC,WB,29-357,68,0,0,0,0,2,0,0,0,63,0,0,0,0.1,0.1,0.1,1,0,50,56,"89,3",5,42,4,1,0,2024-09-18
Chris Mueller,Chicago Fire,8,USA,"WB,LM",28-020,22,0,0,0,0,1,0,0,0,24,0,0,0,0.1,0.1,0.0,1,0,16,20,"80,0",1,21,0,3,2,2024-09-18
Maren Haile-Selassie,Chicago Fire,7,SUI,"WB,RM",25-189,90,0,0,0,0,0,0,0,0,59,1,0,3,0.0,0.0,0.2,4,0,49,53,"92,5",5,36,2,2,1,2024-09-18
Wyatt Omsberg,Chicago Fire,16,USA,CB,28-363,79,0,0,0,0,0,0,1,0,90,1,1,0,0.0,0.0,0.0,1,0,79,85,"92,9",1,55,0,0,0,2024-09-18
Jonathan Dean,Chicago Fire,24,USA,"RB,CB",27-126,11,0,0,0,0,0,0,0,0,12,0,0,0,0.0,0.0,0.0,0,0,12,12,"100,0",0,7,0,0,0,2024-09-18
Tobias Salquist,Chicago Fire,14,DEN,CB,29-123,90,0,0,0,0,0,0,0,0,120,1,1,1,0.0,0.0,0.0,1,0,104,114,"91,2",6,81,0,0,0,2024-09-18
Arnaud Souquet,Chicago Fire,2,FRA,CB,32-219,68,0,0,0,0,0,0,0,0,69,2,0,0,0.0,0.0,0.0,1,0,58,65,"89,2",10,47,0,0,0,2024-09-18
Justin Reynolds,Chicago Fire,36,USA,"CB,LB",20-045,22,0,0,0,0,0,0,0,0,26,0,0,0,0.0,0.0,0.0,0,0,20,26,"76,9",2,16,0,1,1,2024-09-18
Christopher Brady,Chicago Fire,34,USA,GK,20-199,90,0,0,0,0,0,0,0,0,13,0,0,0,0.0,0.0,0.0,1,0,12,12,"100,0",0,8,0,0,0,2024-09-18
Olivier Giroud,Los Angeles FC,9,FRA,FW,37-354,75,0,0,0,0,1,1,0,0,13,0,0,1,0.0,0.0,0.0,2,1,7,7,"100,0",3,6,0,1,0,2024-09-18
Timmy Tillman,Los Angeles FC,11,GER,FW,25-258,15,0,0,0,0,0,0,1,0,15,1,0,0,0.0,0.0,0.0,0,0,10,13,"76,9",1,12,1,0,0,2024-09-18
Denis Bouanga,Los Angeles FC,99,GAB,LW,29-312,90,0,0,0,0,4,0,0,0,43,1,0,1,0.1,0.1,0.0,3,0,14,21,"66,7",2,27,2,9,4,2024-09-18
Mateusz Bogusz,Los Angeles FC,19,POL,RW,23-027,90,0,0,0,0,3,2,0,0,58,1,0,0,0.1,0.1,0.2,5,0,37,47,"78,7",2,38,2,3,2,2024-09-18
Eduard Atuesta,Los Angeles FC,20,COL,LM,27-092,81,0,0,0,0,1,1,1,0,63,1,1,1,0.0,0.0,0.1,7,1,50,55,"90,9",12,44,2,5,3,2024-09-18
Kei Kamara,Los Angeles FC,23,SLE,LM,40-017,9,0,0,0,0,0,0,0,0,3,0,0,0,0.0,0.0,0.0,0,0,2,2,"100,0",0,3,0,0,0,2024-09-18
Eddie Segura,Los Angeles FC,4,COL,CM,27-229,58,0,0,0,0,0,0,1,0,50,1,0,1,0.0,0.0,0.0,0,0,42,48,"87,5",2,25,0,0,0,2024-09-18
Ilie Sánchez,Los Angeles FC,6,ESP,CM,33-302,32,0,0,0,0,0,0,0,0,39,1,1,0,0.0,0.0,0.0,0,0,31,34,"91,2",0,21,0,0,0,2024-09-18
Erik Duenas,Los Angeles FC,18,USA,RM,19-336,58,0,0,0,0,0,0,0,0,39,1,1,0,0.0,0.0,0.0,2,0,28,32,"87,5",5,26,3,0,0,2024-09-18
David Martínez,Los Angeles FC,30,VEN,RM,18-224,32,1,0,0,0,2,1,0,0,24,0,1,0,0.6,0.6,0.0,0,0,13,20,"65,0",2,16,0,1,1,2024-09-18
Ryan Hollingshead,Los Angeles FC,24,USA,"LB,RB",33-155,90,0,1,0,0,1,1,0,0,83,3,2,1,0.0,0.0,0.6,2,0,57,70,"81,4",6,54,5,1,0,2024-09-18
Aaron Long,Los Angeles FC,33,USA,CB,31-342,90,0,0,0,0,0,0,0,0,102,2,1,2,0.0,0.0,0.0,0,0,89,92,"96,7",7,73,2,0,0,2024-09-18
Maxime Chanot,Los Angeles FC,25,LUX,CB,34-302,90,0,0,0,0,1,0,0,0,89,2,1,1,0.1,0.1,0.0,0,0,77,81,"95,1",2,62,0,0,0,2024-09-18
Sergi Palencia,Los Angeles FC,14,ESP,RB,28-179,75,0,0,0,0,0,0,0,0,59,3,2,0,0.0,0.0,0.0,0,0,45,53,"84,9",5,27,1,0,0,2024-09-18
Omar Campos,Los Angeles FC,2,MEX,"LB,RB",22-060,15,0,0,0,0,0,0,0,0,24,0,0,0,0.0,0.0,0.0,1,0,20,23,"87,0",2,20,4,0,0,2024-09-18
Hugo Lloris,Los Angeles FC,1,FRA,GK,37-267,90,0,0,0,0,0,0,0,0,25,0,0,0,0.0,0.0,0.0,0,0,21,25,"84,0",0,17,0,0,0,2024-09-18
Diego Rubio,Austin FC,14,CHI,FW,31-126,59,0,0,0,0,0,0,1,0,23,1,0,2,0.0,0.0,0.0,1,0,13,19,"68,4",1,16,1,0,0,2024-09-18
Gyasi Zardes,Austin FC,9,USA,FW,33-016,31,0,0,0,0,0,0,0,0,16,0,0,0,0.0,0.0,0.0,0,0,7,14,"50,0",0,6,1,0,0,2024-09-18
Jáder Obrian,Austin FC,11,COL,FW,29-123,69,1,0,0,0,1,1,0,0,20,0,0,1,0.1,0.1,0.0,1,0,13,18,"72,2",2,13,1,1,0,2024-09-18
Owen Wolff,Austin FC,33,USA,LM,19-263,21,0,0,0,0,0,0,0,0,9,0,0,0,0.0,0.0,0.0,0,0,5,6,"83,3",0,5,0,0,0,2024-09-18
Jon Gallagher,Austin FC,17,IRL,"LM,RB",28-208,90,0,0,0,0,2,1,0,0,40,1,1,0,0.1,0.1,0.1,1,0,24,28,"85,7",1,13,2,2,0,2024-09-18
Daniel Pereira,Austin FC,6,VEN,CM,24-066,81,0,0,0,0,1,0,0,0,53,0,2,0,0.0,0.0,0.0,1,0,35,43,"81,4",2,21,1,4,3,2024-09-18
CJ Fodrey,Austin FC,19,USA,CM,20-221,9,0,0,0,0,0,0,1,0,4,1,0,0,0.0,0.0,0.0,0,0,0,1,"0,0",0,3,0,0,0,2024-09-18
Alexander Ring,Austin FC,8,FIN,CM,33-162,90,0,0,0,0,0,0,0,0,72,5,1,3,0.0,0.0,0.1,4,1,51,62,"82,3",6,28,0,0,0,2024-09-18
Osman Bukari,Austin FC,7,GHA,RM,25-280,81,0,1,0,0,2,0,0,0,31,1,1,1,0.1,0.1,0.4,7,1,9,18,"50,0",2,23,8,4,2,2024-09-18
Ethan Finlay,Austin FC,13,USA,RM,34-043,9,0,0,0,0,0,0,0,0,4,1,0,0,0.0,0.0,0.0,0,0,0,0,,0,1,0,1,0,2024-09-18
Guilherme Biro,Austin FC,29,BRA,LB,24-140,90,0,0,0,0,1,0,0,0,50,4,2,0,0.1,0.1,0.0,1,0,33,41,"80,5",2,21,2,1,1,2024-09-18
Julio Cascante,Austin FC,18,CRC,CB,30-351,90,0,0,0,0,0,0,0,0,47,3,0,0,0.0,0.0,0.0,1,0,38,41,"92,7",2,26,0,2,2,2024-09-18
Oleksandr Svatok,Austin FC,21,UKR,CB,29-357,90,0,0,0,0,0,0,0,0,45,3,3,0,0.0,0.0,0.0,0,0,31,35,"88,6",0,18,0,0,0,2024-09-18
Mikkel Desler,Austin FC,3,DEN,RB,29-212,59,0,0,0,0,2,0,0,0,43,0,1,1,0.2,0.2,0.0,2,0,28,35,"80,0",5,24,3,1,0,2024-09-18
Leo Väisänen,Austin FC,15,FIN,"CB,RB",27-057,31,0,0,0,0,1,0,0,0,13,1,0,0,0.0,0.0,0.0,0,0,7,8,"87,5",1,5,0,0,0,2024-09-18
Brad Stuver,Austin FC,1,USA,GK,33-155,90,0,0,0,0,0,0,0,0,38,0,0,0,0.0,0.0,0.0,0,0,23,37,"62,2",0,17,0,0,0,2024-09-18
William Agada,Sporting Kansas City,23,NGA,FW,25-001,90,0,1,0,0,6,0,0,0,45,1,0,1,0.7,0.7,0.2,6,1,25,28,"89,3",0,24,2,1,0,2024-09-18
Stephen Afrifa,Sporting Kansas City,30,CAN,LW,23-212,83,0,1,0,0,5,1,0,0,44,1,0,2,0.4,0.4,0.2,7,0,19,25,"76,0",4,23,3,10,5,2024-09-18
Alenis Vargas,Sporting Kansas City,20,HON,LW,20-289,7,0,0,0,0,0,0,1,0,4,0,0,0,0.0,0.0,0.0,0,0,0,2,"0,0",0,4,0,0,0,2024-09-18
Johnny Russell,Sporting Kansas City,7,SCO,RW,34-163,58,0,0,0,0,2,0,0,0,39,3,0,1,0.1,0.1,0.2,5,0,18,33,"54,5",6,21,3,3,2,2024-09-18
Dániel Sallói,Sporting Kansas City,10,HUN,RW,28-061,32,0,1,0,0,2,0,1,0,23,0,0,2,0.1,0.1,0.7,4,1,14,17,"82,4",2,14,1,1,0,2024-09-18
Alan Pulido,Sporting Kansas City,9,MEX,AM,33-194,58,2,0,0,0,4,3,0,0,48,1,0,1,0.5,0.5,0.1,6,2,33,39,"84,6",3,29,4,4,3,2024-09-18
Erik Thommy,Sporting Kansas City,26,GER,AM,30-029,32,2,0,0,0,4,3,0,0,23,0,0,0,0.8,0.8,0.1,3,0,14,19,"73,7",2,15,2,0,0,2024-09-18
Zorhan Bassong,Sporting Kansas City,22,CAN,DM,25-134,90,0,0,0,0,1,0,0,0,56,4,2,2,0.2,0.2,0.2,5,1,36,47,"76,6",9,30,0,1,1,2024-09-18
Memo Rodriguez,Sporting Kansas City,8,USA,DM,28-266,70,0,0,0,0,4,1,0,0,47,2,1,1,0.1,0.1,0.3,7,0,29,36,"80,6",8,28,0,1,1,2024-09-18
Rémi Walter,Sporting Kansas City,54,FRA,DM,29-145,20,0,0,0,0,0,0,0,0,17,0,1,0,0.0,0.0,0.0,1,0,14,15,"93,3",2,12,0,0,0,2024-09-18
Logan Ndenbe,Sporting Kansas City,18,BEL,LB,24-222,58,0,0,0,0,2,1,0,0,49,0,5,0,0.1,0.1,0.2,7,0,37,44,"84,1",6,32,3,2,2,2024-09-18
Tim Leibold,Sporting Kansas City,14,GER,LB,30-293,32,0,0,0,0,0,0,0,0,27,0,0,0,0.0,0.0,0.1,1,0,21,27,"77,8",9,20,1,0,0,2024-09-18
Andreu Fontàs,Sporting Kansas City,3,ESP,CB,34-309,90,0,0,0,0,0,0,0,0,70,2,3,0,0.0,0.0,0.0,0,0,56,60,"93,3",8,41,0,0,0,2024-09-18
Robert Castellanos,Sporting Kansas City,19,USA,CB,26-130,90,0,0,0,0,1,0,0,0,53,0,2,0,0.0,0.0,0.1,2,0,36,45,"80,0",1,33,0,0,0,2024-09-18
Khiry Shelton,Sporting Kansas City,11,USA,RB,31-084,90,0,0,0,0,1,1,0,0,64,2,4,1,0.1,0.1,0.0,1,1,41,52,"78,8",3,28,1,0,0,2024-09-18
John Pulskamp,Sporting Kansas City,1,USA,GK,23-152,90,0,0,0,0,0,0,0,0,13,0,0,0,0.0,0.0,0.0,0,0,6,13,"46,2",0,8,0,0,0,2024-09-18
Rafael Navarro,Colorado Rapids,9,BRA,FW,24-157,90,0,0,0,0,1,0,1,0,30,0,0,2,0.0,0.0,0.0,2,1,20,25,"80,0",2,16,0,1,1,2024-09-18
Jonathan Lewis,Colorado Rapids,7,USA,LW,27-106,56,0,0,0,0,0,0,0,0,19,2,0,0,0.0,0.0,0.0,1,0,8,12,"66,7",1,10,0,0,0,2024-09-18
Omir Fernandez,Colorado Rapids,11,USA,LW,25-223,34,0,0,0,0,0,0,0,0,10,0,0,1,0.0,0.0,0.0,0,0,7,7,"100,0",1,7,1,1,1,2024-09-18
Calvin Harris,Colorado Rapids,14,ENG,RW,24-182,56,0,0,0,0,1,1,1,0,15,2,0,1,0.0,0.0,0.0,0,0,6,7,"85,7",0,11,1,2,0,2024-09-18
Oliver Larraz,Colorado Rapids,18,USA,RW,23-002,34,0,0,0,0,0,0,0,0,26,1,0,1,0.0,0.0,0.0,0,0,17,21,"81,0",0,16,1,0,0,2024-09-18
Djordje Mihailovic,Colorado Rapids,10,USA,AM,25-313,90,0,0,0,0,0,0,0,0,58,1,1,0,0.0,0.0,0.2,3,0,39,51,"76,5",6,31,0,1,1,2024-09-18
Cole Bassett,Colorado Rapids,23,USA,DM,23-052,70,0,0,0,0,1,1,0,0,35,0,0,3,0.0,0.0,0.0,2,0,23,24,"95,8",4,20,0,1,1,2024-09-18
Kimani Stewart-Baynes,Colorado Rapids,27,CAN,DM,19-245,20,0,0,0,0,0,0,0,0,12,1,0,0,0.0,0.0,0.0,1,0,5,7,"71,4",0,8,2,1,0,2024-09-18
Connor Ronan,Colorado Rapids,20,IRL,DM,26-196,70,0,0,0,0,0,0,0,0,62,1,3,4,0.0,0.0,0.0,0,0,40,53,"75,5",4,40,0,1,1,2024-09-18
Jasper Löffelsend,Colorado Rapids,21,GER,DM,27-008,20,0,0,0,0,0,0,0,0,13,0,0,0,0.0,0.0,0.0,0,0,11,13,"84,6",2,10,0,1,1,2024-09-18
Jackson Travis,Colorado Rapids,99,USA,LB,20-208,73,0,0,0,0,0,0,0,0,42,0,3,5,0.0,0.0,0.0,0,0,19,27,"70,4",1,20,0,0,0,2024-09-18
Reggie Cannon,Colorado Rapids,4,USA,LB,26-099,17,0,0,0,0,0,0,0,0,15,0,0,1,0.0,0.0,0.0,1,0,9,12,"75,0",2,6,0,0,0,2024-09-18
Andreas Maxsø,Colorado Rapids,5,DEN,CB,30-184,90,0,0,0,0,1,0,0,0,53,1,2,3,0.0,0.0,0.0,0,0,33,40,"82,5",0,25,0,0,0,2024-09-18
Michael Edwards,Colorado Rapids,34,USA,CB,23-296,90,1,0,0,0,2,1,0,0,53,2,0,6,0.5,0.5,0.0,0,0,35,39,"89,7",1,27,0,0,0,2024-09-18
Keegan Rosenberry,Colorado Rapids,2,USA,RB,30-282,90,0,1,0,0,0,0,0,0,69,4,1,1,0.0,0.0,0.4,1,1,42,55,"76,4",4,31,3,0,0,2024-09-18
Zack Steffen,Colorado Rapids,95,USA,GK,29-169,90,0,0,0,0,0,0,0,0,47,0,0,0,0.0,0.0,0.0,0,0,22,42,"52,4",0,29,0,0,0,2024-09-18
Ezequiel Ponce,Houston Dynamo,10,ARG,FW,27-173,83,1,0,1,1,2,0,0,0,21,0,0,0,0.9,0.2,0.1,0,0,10,12,"83,3",0,10,0,0,0,2024-09-18
Sebastián Ferreira,Houston Dynamo,11,PAR,FW,26-218,7,0,0,0,0,0,0,0,0,0,0,0,0,0.0,0.0,0.0,0,0,0,0,,0,0,0,0,0,2024-09-18
Aliyu Ibrahim,Houston Dynamo,18,NGA,LW,22-246,69,0,0,0,0,1,0,0,0,28,0,0,0,0.1,0.1,0.0,2,0,20,24,"83,3",2,23,3,0,0,2024-09-18
Latif Blessing,Houston Dynamo,15,GHA,LW,27-263,21,0,0,0,0,0,0,0,0,3,0,0,0,0.0,0.0,0.0,0,0,3,3,"100,0",2,1,0,0,0,2024-09-18
Sebastian Kowalczyk,Houston Dynamo,27,POL,RW,26-027,78,0,0,0,0,1,0,0,0,39,0,0,0,0.0,0.0,0.1,2,0,32,37,"86,5",10,31,0,0,0,2024-09-18
McKinze Gaines,Houston Dynamo,14,USA,RW,26-200,12,0,0,0,0,0,0,0,0,6,0,0,0,0.0,0.0,0.0,0,0,2,5,"40,0",0,5,2,1,0,2024-09-18
Amine Bassi,Houston Dynamo,8,FRA,AM,26-296,90,0,0,0,0,0,0,1,0,75,3,0,0,0.0,0.0,0.0,7,2,55,69,"79,7",6,42,7,1,0,2024-09-18
Adalberto Carrasquilla,Houston Dynamo,20,PAN,DM,25-295,69,0,0,0,0,1,0,0,0,100,0,0,1,0.0,0.0,0.0,2,0,87,96,"90,6",9,70,1,0,0,2024-09-18
Brooklyn Raines,Houston Dynamo,35,USA,DM,19-191,21,0,0,0,0,0,0,0,0,20,0,0,0,0.0,0.0,0.0,0,0,19,20,"95,0",3,15,1,0,0,2024-09-18
Artur,Houston Dynamo,6,BRA,DM,28-191,90,0,0,0,0,0,0,0,0,93,1,0,0,0.0,0.0,0.1,2,0,82,91,"90,1",12,61,2,0,0,2024-09-18
Franco Escobar,Houston Dynamo,2,ARG,LB,29-210,78,0,0,0,0,1,0,0,0,84,2,1,2,0.0,0.0,0.0,0,0,70,75,"93,3",4,52,0,0,0,2024-09-18
Daniel Steres,Houston Dynamo,5,USA,LB,33-312,12,0,0,0,0,0,0,0,0,20,0,0,0,0.0,0.0,0.0,0,0,20,20,"100,0",1,10,0,0,0,2024-09-18
Micael,Houston Dynamo,31,BRA,CB,24-037,90,0,0,0,0,0,0,1,0,111,0,0,1,0.0,0.0,0.0,0,0,99,105,"94,3",2,74,0,0,0,2024-09-18
Erik Sviatchenko,Houston Dynamo,28,DEN,CB,32-350,90,0,0,0,0,2,0,1,0,76,0,0,0,0.1,0.1,0.0,1,0,62,72,"86,1",7,44,0,0,0,2024-09-18
Griffin Dorsey,Houston Dynamo,25,USA,RB,25-197,90,0,0,0,0,0,0,0,0,56,0,2,0,0.0,0.0,0.1,1,0,34,54,"63,0",3,39,2,1,1,2024-09-18
Steve Clark,Houston Dynamo,12,USA,GK,38-157,90,0,0,0,0,0,0,0,0,29,0,0,0,0.0,0.0,0.0,0,0,26,27,"96,3",0,16,0,0,0,2024-09-18
Fafà Picault,Vancouver Whitecaps FC,11,HAI,"FW,LW,RW",33-208,90,0,1,0,0,1,1,0,0,31,2,0,0,0.0,0.0,0.5,3,1,15,18,"83,3",0,20,2,3,1,2024-09-18
Ryan Gauld,Vancouver Whitecaps FC,25,SCO,FW,28-277,86,0,0,0,0,2,2,0,0,19,1,0,0,0.1,0.1,0.1,3,1,10,15,"66,7",2,8,0,0,0,2024-09-18
Tristan Blackmon,Vancouver Whitecaps FC,6,USA,"CB,FW",28-037,4,0,0,0,0,0,0,0,0,2,0,0,0,0.0,0.0,0.0,0,0,1,1,"100,0",0,0,0,0,0,2024-09-18
Sam Adekugbe,Vancouver Whitecaps FC,3,CAN,LW,29-246,69,0,0,0,0,0,0,0,0,28,0,0,0,0.0,0.0,0.0,1,0,15,20,"75,0",1,14,3,0,0,2024-09-18
Édier Ocampo,Vancouver Whitecaps FC,18,COL,"RW,LW",20-351,21,0,0,0,0,1,0,0,0,8,1,0,0,0.0,0.0,0.0,0,0,3,4,"75,0",0,4,1,0,0,2024-09-18
Ryan Raposo,Vancouver Whitecaps FC,7,CAN,RW,25-197,59,0,0,0,0,0,0,0,0,25,1,0,3,0.0,0.0,0.0,2,0,11,18,"61,1",1,13,1,1,0,2024-09-18
Brian White,Vancouver Whitecaps FC,24,USA,FW,28-228,31,1,0,0,0,1,1,0,0,7,0,0,0,0.4,0.4,0.0,0,0,2,5,"40,0",0,2,0,0,0,2024-09-18
Pedro Vite,Vancouver Whitecaps FC,45,ECU,CM,22-193,45,0,0,0,0,0,0,1,0,19,0,1,0,0.0,0.0,0.1,1,0,13,16,"81,3",2,14,0,1,0,2024-09-18
Alessandro Schöpf,Vancouver Whitecaps FC,8,AUT,CM,30-224,45,0,0,0,0,1,0,0,0,16,0,0,0,0.0,0.0,0.0,2,0,13,14,"92,9",0,12,0,0,0,2024-09-18
Sebastian Berhalter,Vancouver Whitecaps FC,16,USA,CM,23-124,90,0,0,0,0,0,0,0,0,48,0,2,1,0.0,0.0,0.2,1,0,28,38,"73,7",1,17,0,0,0,2024-09-18
Andrés Cubas,Vancouver Whitecaps FC,20,PAR,DM,28-119,45,0,0,0,0,0,0,0,0,18,0,0,1,0.0,0.0,0.0,0,0,12,14,"85,7",1,10,0,0,0,2024-09-18
Ralph Priso-Mbongue,Vancouver Whitecaps FC,13,CAN,DM,22-047,45,0,0,0,0,0,0,0,0,17,0,1,0,0.0,0.0,0.0,1,0,14,14,"100,0",2,10,0,0,0,2024-09-18
Bjørn Inge Utvik,Vancouver Whitecaps FC,15,NOR,CB,28-203,90,0,0,0,0,0,0,0,0,55,0,0,0,0.0,0.0,0.1,1,0,40,46,"87,0",1,38,0,0,0,2024-09-18
Ranko Veselinović,Vancouver Whitecaps FC,4,SRB,CB,25-178,90,0,0,0,0,0,0,0,0,53,0,1,2,0.0,0.0,0.0,0,0,39,41,"95,1",2,36,0,0,0,2024-09-18
Mathías Laborda,Vancouver Whitecaps FC,2,URU,"CB,LW",25-003,90,0,0,0,0,3,0,0,0,60,1,1,0,0.4,0.4,0.0,0,0,40,47,"85,1",0,28,1,0,0,2024-09-18
Yohei Takaoka,Vancouver Whitecaps FC,1,JPN,GK,28-186,90,0,0,0,0,0,0,1,0,25,0,0,0,0.0,0.0,0.0,1,0,16,24,"66,7",0,12,0,0,0,2024-09-18
Ramiro Enrique,Orlando City,7,ARG,FW,23-137,45,0,0,0,0,0,0,0,0,9,0,0,0,0.0,0.0,0.1,1,0,8,8,"100,0",1,8,0,1,1,2024-09-18
Duncan McGuire,Orlando City,13,USA,FW,23-226,45,1,0,0,0,2,1,0,0,9,0,0,0,0.5,0.5,0.0,0,0,5,6,"83,3",1,5,1,0,0,2024-09-18
Iván Angulo,Orlando City,77,COL,LW,25-180,81,0,0,0,0,2,0,0,0,41,2,0,0,0.1,0.1,0.0,1,1,30,33,"90,9",7,32,5,2,1,2024-09-18
Luis Muriel,Orlando City,9,COL,LW,33-155,9,0,1,0,0,0,0,1,0,10,1,0,0,0.0,0.0,0.4,2,1,8,8,"100,0",1,6,0,1,1,2024-09-18
Facundo Torres,Orlando City,10,URU,RW,24-158,81,1,0,0,0,3,2,0,0,53,0,1,2,0.4,0.4,0.1,5,0,32,43,"74,4",5,39,4,0,0,2024-09-18
Luca Petrasso,Orlando City,20,CAN,RW,24-094,9,0,0,0,0,0,0,0,0,4,0,0,1,0.0,0.0,0.1,1,0,3,3,"100,0",0,3,1,0,0,2024-09-18
Martín Ojeda,Orlando City,11,ARG,AM,25-296,62,0,1,0,0,1,0,1,0,38,0,0,0,0.1,0.1,0.3,4,1,25,34,"73,5",4,26,2,0,0,2024-09-18
Nicolás Lodeiro,Orlando City,14,URU,AM,35-181,28,0,0,0,0,1,0,0,0,18,1,1,0,0.2,0.2,0.0,0,0,10,13,"76,9",3,11,0,0,0,2024-09-18
Wilder Cartagena,Orlando City,16,PER,DM,29-361,90,0,0,0,0,1,1,0,0,73,2,0,1,0.1,0.1,0.0,0,0,59,66,"89,4",8,54,0,3,2,2024-09-18
César Araujo,Orlando City,5,URU,DM,23-169,90,0,0,0,0,1,0,1,0,69,0,1,3,0.0,0.0,0.0,1,0,53,62,"85,5",3,54,2,0,0,2024-09-18
Rafael Santos,Orlando City,3,BRA,LB,26-226,90,0,0,0,0,1,0,0,0,94,4,1,1,0.0,0.0,0.1,3,0,74,85,"87,1",8,60,2,0,0,2024-09-18
Robin Jansson,Orlando City,6,SWE,CB,32-308,90,0,0,0,0,0,0,0,0,82,1,4,0,0.0,0.0,0.0,1,0,67,75,"89,3",1,58,1,0,0,2024-09-18
Rodrigo Schlegel,Orlando City,15,ARG,CB,27-168,90,0,0,0,0,0,0,0,0,64,2,1,0,0.0,0.0,0.0,0,0,54,58,"93,1",1,45,0,0,0,2024-09-18
Dagur Dan Þórhallsson,Orlando City,17,ISL,RB,24-139,78,0,0,0,0,0,0,1,0,44,1,0,0,0.0,0.0,0.0,0,0,33,39,"84,6",5,22,0,0,0,2024-09-18
Kyle Smith,Orlando City,24,USA,RB,32-253,12,0,0,0,0,0,0,0,0,5,0,0,0,0.0,0.0,0.0,0,0,4,5,"80,0",0,4,0,0,0,2024-09-18
Pedro Gallese,Orlando City,1,PER,GK,34-208,90,0,0,0,0,0,0,0,0,26,0,0,0,0.0,0.0,0.0,1,1,20,26,"76,9",0,17,0,0,0,2024-09-18
Patrick Agyemang,Charlotte FC,33,USA,FW,23-316,71,0,0,0,0,1,1,0,0,10,0,0,0,0.1,0.1,0.0,1,0,3,4,"75,0",0,9,0,4,1,2024-09-18
Iuri Tavares,Charlotte FC,38,CPV,"AM,FW",23-194,19,0,0,0,0,0,0,0,0,7,0,0,0,0.0,0.0,0.0,0,0,2,5,"40,0",0,5,0,1,1,2024-09-18
Kerwin Vargas,Charlotte FC,18,COL,LW,22-260,72,0,0,0,0,1,1,0,0,32,1,1,0,0.0,0.0,0.0,0,0,22,27,"81,5",0,22,0,1,0,2024-09-18
Idan Markovich,Charlotte FC,17,ISR,RW,20-040,18,0,0,0,0,0,0,0,0,11,0,0,0,0.0,0.0,0.0,0,0,6,7,"85,7",1,5,1,2,0,2024-09-18
Pep Biel,Charlotte FC,10,ESP,RW,28-013,71,0,0,0,0,0,0,0,0,30,2,2,2,0.0,0.0,0.1,2,0,15,18,"83,3",2,17,1,3,1,2024-09-18
Liel Abada,Charlotte FC,11,ISR,LW,22-351,19,0,0,0,0,0,0,0,0,10,0,0,0,0.0,0.0,0.0,1,0,7,9,"77,8",0,6,2,0,0,2024-09-18
Brandt Bronico,Charlotte FC,13,USA,AM,29-090,83,0,0,0,0,0,0,1,0,23,0,1,1,0.0,0.0,0.0,0,0,12,19,"63,2",1,10,2,0,0,2024-09-18
Karol Świderski,Charlotte FC,9,POL,FW,27-239,7,0,0,0,0,0,0,0,0,5,0,0,0,0.0,0.0,0.0,0,0,4,5,"80,0",1,2,0,0,0,2024-09-18
Djibril Diani,Charlotte FC,28,FRA,DM,26-220,72,0,0,0,0,0,0,0,0,45,2,1,2,0.0,0.0,0.0,0,0,33,38,"86,8",3,28,1,0,0,2024-09-18
Júnior Urso,Charlotte FC,30,BRA,DM,35-192,18,0,0,0,0,1,0,0,0,18,1,0,0,0.0,0.0,0.0,0,0,13,15,"86,7",1,11,1,2,2,2024-09-18
Ashley Westwood,Charlotte FC,8,ENG,DM,34-170,90,0,0,0,0,0,0,0,0,50,0,1,1,0.0,0.0,0.0,2,0,34,45,"75,6",5,34,0,0,0,2024-09-18
Jere Uronen,Charlotte FC,21,FIN,LB,30-067,90,0,0,0,0,0,0,0,0,61,1,1,1,0.0,0.0,0.0,0,0,47,54,"87,0",5,24,1,0,0,2024-09-18
Tim Ream,Charlotte FC,3,USA,CB,36-349,90,0,0,0,0,1,0,0,0,51,0,2,2,0.1,0.1,0.0,0,0,34,41,"82,9",5,28,0,0,0,2024-09-18
Adilson Malanda,Charlotte FC,29,FRA,CB,22-325,90,0,0,0,0,0,0,0,0,59,0,3,0,0.0,0.0,0.0,0,0,47,51,"92,2",6,37,0,0,0,2024-09-18
Nathan Byrne,Charlotte FC,14,ENG,RB,32-105,90,0,0,0,0,0,0,0,0,63,0,1,1,0.0,0.0,0.1,2,0,46,58,"79,3",2,45,0,0,0,2024-09-18
Kristijan Kahlina,Charlotte FC,1,CRO,GK,32-056,90,0,0,0,0,0,0,0,0,27,0,0,0,0.0,0.0,0.0,0,0,14,25,"56,0",0,15,0,0,0,2024-09-18
