Sem,Dia,Data,Horário,Em casa,xG,Resultado,xG,Visitante,Público,Local,Árbitro,Relatório da Partida,Notas,Link Relatório
1,qua,2024-02-21,20:00,Inter Miami,1.4,2–0,0.8,RSL,21.137,Chase Stadium,,Relatório da Partida,,/pt/partidas/6b8eefb5/Inter-Miami-Real-Salt-Lake-2024Fevereiro21-Major-League-Soccer
1,sáb,2024-02-24,13:45,LAFC,1.5,2–1,1.8,Seattle,22.214,BMO Stadium,,Relatório da Partida,,/pt/partidas/2d02571f/Los-Angeles-FC-Seattle-Sounders-FC-2024Fevereiro24-Major-League-Soccer
1,sáb,2024-02-24,14:00,Crew,1.8,1–0,0.5,Atlanta Utd,20.406,Lower.com Field,,Relatório da Partida,,/pt/partidas/50d19f80/Columbus-Crew-Atlanta-United-2024Fevereiro24-Major-League-Soccer
1,dom,2024-02-25,14:30,FC Cincinnati,0.9,0–0,0.5,Toronto FC,25.513,TQL Stadium,,Relatório da Partida,,/pt/partidas/7add352c/FC-Cincinnati-Toronto-FC-2024Fevereiro25-Major-League-Soccer
1,dom,2024-02-25,16:00,Nashville,0.1,0–0,1.4,NY Red Bulls,30.109,Geodis Park,,Relatório da Partida,,/pt/partidas/58d9874f/Nashville-SC-New-York-Red-Bulls-2024Fevereiro25-Major-League-Soccer
1,sáb,2024-02-24,19:30,Portland Timbers,0.5,4–1,1.2,Rapids,21.411,Providence Park,,Relatório da Partida,,/pt/partidas/24530d12/Portland-Timbers-Colorado-Rapids-2024Fevereiro24-Major-League-Soccer
1,sáb,2024-02-24,19:30,Philadelphia,2.1,2–2,1.6,Fire,18.734,Subaru Park,,Relatório da Partida,,/pt/partidas/25e841a5/Philadelphia-Union-Chicago-Fire-2024Fevereiro24-Major-League-Soccer
1,sáb,2024-02-24,19:30,D.C. United,4.5,3–1,0.8,NE Revolution,19.215,Audi Field,,Relatório da Partida,,/pt/partidas/4a63fe1b/DC-United-New-England-Revolution-2024Fevereiro24-Major-League-Soccer
1,sáb,2024-02-24,19:30,St. Louis,0.7,1–1,1.7,RSL,22.423,Citypark,,Relatório da Partida,,/pt/partidas/4ca51dbf/St-Louis-City-Real-Salt-Lake-2024Fevereiro24-Major-League-Soccer
1,sáb,2024-02-24,19:30,Austin,1.1,1–2,3.0,Minnesota Utd,20.738,Q2 Stadium,,Relatório da Partida,,/pt/partidas/82e1e5b8/Austin-FC-Minnesota-United-2024Fevereiro24-Major-League-Soccer
1,sáb,2024-02-24,19:30,Orlando City,0.9,0–0,1.0,CF Montréal,24.249,Inter&Co Stadium,,Relatório da Partida,,/pt/partidas/8c354a46/Orlando-City-CF-Montreal-2024Fevereiro24-Major-League-Soccer
1,sáb,2024-02-24,19:30,FC Dallas,1.0,2–1,0.9,SJ Earthquakes,19.096,Toyota Stadium,,Relatório da Partida,,/pt/partidas/b1ee8936/FC-Dallas-San-Jose-Earthquakes-2024Fevereiro24-Major-League-Soccer
1,sáb,2024-02-24,19:30,Charlotte,2.0,1–0,0.5,NYCFC,62.291,Bank of America Stadium,,Relatório da Partida,,/pt/partidas/c83d7bed/Charlotte-FC-New-York-City-FC-2024Fevereiro24-Major-League-Soccer
1,sáb,2024-02-24,19:30,Dynamo FC,1.0,1–1,0.2,Sporting KC,18.818,Shell Energy Stadium,,Relatório da Partida,,/pt/partidas/e2c29bd6/Houston-Dynamo-Sporting-Kansas-City-2024Fevereiro24-Major-League-Soccer
1,dom,2024-02-25,18:00,LA Galaxy,3.2,1–1,0.6,Inter Miami,27.642,Dignity Health Sports Park,,Relatório da Partida,,/pt/partidas/109611b3/LA-Galaxy-Inter-Miami-2024Fevereiro25-Major-League-Soccer
2,sáb,2024-03-02,12:00,RSL,2.3,3–0,0.7,LAFC,19.509,America First Field,,Relatório da Partida,,/pt/partidas/42b77f45/Real-Salt-Lake-Los-Angeles-FC-2024Marco2-Major-League-Soccer
2,sáb,2024-03-02,13:00,Minnesota Utd,0.8,1–1,1.4,Crew,19.906,Allianz Field,,Relatório da Partida,,/pt/partidas/cfa7ffab/Minnesota-United-Columbus-Crew-2024Marco2-Major-League-Soccer
2,sáb,2024-03-02,16:30,Inter Miami,2.8,5–0,0.8,Orlando City,21.352,Chase Stadium,,Relatório da Partida,,/pt/partidas/76cf6fb4/Inter-Miami-Orlando-City-2024Marco2-Major-League-Soccer
2,dom,2024-03-03,14:00,NE Revolution,1.8,0–1,0.7,Toronto FC,29.293,Gillette Stadium,,Relatório da Partida,,/pt/partidas/25008a5a/New-England-Revolution-Toronto-FC-2024Marco3-Major-League-Soccer
2,sáb,2024-03-02,16:30,Vancouver W'caps,1.0,1–1,1.3,Charlotte,29.624,BC Place Stadium,,Relatório da Partida,,/pt/partidas/e2ce2151/Vancouver-Whitecaps-FC-Charlotte-FC-2024Marco2-Major-League-Soccer
2,sáb,2024-03-02,19:30,Dynamo FC,1.2,1–2,1.0,NY Red Bulls,16.516,Shell Energy Stadium,,Relatório da Partida,,/pt/partidas/015cc6b8/Houston-Dynamo-New-York-Red-Bulls-2024Marco2-Major-League-Soccer
2,sáb,2024-03-02,19:30,St. Louis,0.8,2–0,0.5,NYCFC,22.423,Citypark,,Relatório da Partida,,/pt/partidas/0305a9cf/St-Louis-City-New-York-City-FC-2024Marco2-Major-League-Soccer
2,sáb,2024-03-02,19:30,FC Dallas,0.9,1–2,1.3,CF Montréal,19.096,Toyota Stadium,,Relatório da Partida,,/pt/partidas/15730afc/FC-Dallas-CF-Montreal-2024Marco2-Major-League-Soccer
2,sáb,2024-03-02,19:30,Sporting KC,0.9,1–1,0.5,Philadelphia,19.942,Children's Mercy Park,,Relatório da Partida,,/pt/partidas/33dbf3d5/Sporting-Kansas-City-Philadelphia-Union-2024Marco2-Major-League-Soccer
2,sáb,2024-03-02,19:30,Fire,1.0,1–2,0.9,FC Cincinnati,26.592,Soldier Field,,Relatório da Partida,,/pt/partidas/5c115e9a/Chicago-Fire-FC-Cincinnati-2024Marco2-Major-League-Soccer
2,sáb,2024-03-02,19:30,SJ Earthquakes,0.8,1–3,1.6,LA Galaxy,18.000,PayPal Park,,Relatório da Partida,,/pt/partidas/ce1527df/California-Clasico-San-Jose-Earthquakes-LA-Galaxy-2024Marco2-Major-League-Soccer
2,sáb,2024-03-02,19:30,Seattle,1.2,0–0,0.0,Austin,30.067,Lumen Field,,Relatório da Partida,,/pt/partidas/d38f35bb/Seattle-Sounders-FC-Austin-FC-2024Marco2-Major-League-Soccer
2,sáb,2024-03-02,19:30,Rapids,0.6,1–1,1.5,Nashville,16.223,Dick's Sporting Goods Park,,Relatório da Partida,,/pt/partidas/e3a4e251/Colorado-Rapids-Nashville-SC-2024Marco2-Major-League-Soccer
2,sáb,2024-03-02,19:30,Portland Timbers,0.8,2–2,2.0,D.C. United,20.221,Providence Park,,Relatório da Partida,,/pt/partidas/e6fc6e27/Portland-Timbers-DC-United-2024Marco2-Major-League-Soccer
3,sáb,2024-03-09,14:00,Toronto FC,0.5,1–0,0.9,Charlotte,26.345,BMO Field,,Relatório da Partida,,/pt/partidas/1626c4bb/Toronto-FC-Charlotte-FC-2024Marco9-Major-League-Soccer
3,sáb,2024-03-09,14:00,NYCFC,1.3,1–2,0.9,Portland Timbers,24.774,Yankee Stadium,,Relatório da Partida,,/pt/partidas/c0278729/New-York-City-FC-Portland-Timbers-2024Marco9-Major-League-Soccer
3,dom,2024-03-10,14:00,Nashville,1.3,2–2,1.9,LA Galaxy,28.316,Geodis Park,,Relatório da Partida,,/pt/partidas/edbb98e8/Nashville-SC-LA-Galaxy-2024Marco10-Major-League-Soccer
3,dom,2024-03-10,15:00,FC Cincinnati,1.7,0–0,0.5,D.C. United,25.513,TQL Stadium,,Relatório da Partida,,/pt/partidas/d210c37a/FC-Cincinnati-DC-United-2024Marco10-Major-League-Soccer
3,dom,2024-03-10,17:00,Inter Miami,2.7,2–3,2.0,CF Montréal,21.212,Chase Stadium,,Relatório da Partida,,/pt/partidas/b1553752/Inter-Miami-CF-Montreal-2024Marco10-Major-League-Soccer
3,sáb,2024-03-09,19:30,Atlanta Utd,3.2,4–1,0.7,NE Revolution,67.727,Mercedes-Benz Stadium,,Relatório da Partida,,/pt/partidas/22efe495/Atlanta-United-New-England-Revolution-2024Marco9-Major-League-Soccer
3,sáb,2024-03-09,19:30,NY Red Bulls,2.0,2–1,0.7,FC Dallas,19.284,Red Bull Arena,,Relatório da Partida,,/pt/partidas/290d6c0d/New-York-Red-Bulls-FC-Dallas-2024Marco9-Major-League-Soccer
3,sáb,2024-03-09,19:30,Orlando City,4.1,2–3,1.4,Minnesota Utd,23.025,Inter&Co Stadium,,Relatório da Partida,,/pt/partidas/3b4354d9/Orlando-City-Minnesota-United-2024Marco9-Major-League-Soccer
3,sáb,2024-03-09,19:30,Crew,1.3,2–1,1.9,Fire,20.327,Lower.com Field,,Relatório da Partida,,/pt/partidas/4274e2ff/Columbus-Crew-Chicago-Fire-2024Marco9-Major-League-Soccer
3,sáb,2024-03-09,19:30,SJ Earthquakes,0.6,0–2,0.7,Vancouver W'caps,16.045,PayPal Park,,Relatório da Partida,,/pt/partidas/560f62ab/San-Jose-Earthquakes-Vancouver-Whitecaps-FC-2024Marco9-Major-League-Soccer
3,sáb,2024-03-09,19:30,Austin,1.0,2–2,2.0,St. Louis,20.738,Q2 Stadium,,Relatório da Partida,,/pt/partidas/c9af7eff/Austin-FC-St-Louis-City-2024Marco9-Major-League-Soccer
3,sáb,2024-03-09,19:30,RSL,1.4,1–2,1.6,Rapids,20.147,America First Field,,Relatório da Partida,,/pt/partidas/cd6b54bb/Real-Salt-Lake-Colorado-Rapids-2024Marco9-Major-League-Soccer
3,sáb,2024-03-09,19:30,LAFC,1.5,0–0,0.6,Sporting KC,22.175,BMO Stadium,,Relatório da Partida,,/pt/partidas/f0a93403/Los-Angeles-FC-Sporting-Kansas-City-2024Marco9-Major-League-Soccer
4,sáb,2024-03-16,12:30,Seattle,1.1,1–1,2.3,Rapids,30.036,Lumen Field,,Relatório da Partida,,/pt/partidas/9cdfdcac/Seattle-Sounders-FC-Colorado-Rapids-2024Marco16-Major-League-Soccer
4,sáb,2024-03-16,13:00,Fire,2.2,4–3,3.0,CF Montréal,14.874,Soldier Field,,Relatório da Partida,,/pt/partidas/ebdee699/Chicago-Fire-CF-Montreal-2024Marco16-Major-League-Soccer
4,sáb,2024-03-16,14:00,D.C. United,1.4,1–3,2.3,Inter Miami,19.365,Audi Field,,Relatório da Partida,,/pt/partidas/1bc74dac/DC-United-Inter-Miami-2024Marco16-Major-League-Soccer
4,sáb,2024-03-16,19:30,NYCFC,1.4,2–1,1.3,Toronto FC,18.623,Yankee Stadium,,Relatório da Partida,,/pt/partidas/44aa0fbf/New-York-City-FC-Toronto-FC-2024Marco16-Major-League-Soccer
4,sáb,2024-03-16,19:30,Crew,2.0,3–0,0.3,NY Red Bulls,20.314,Lower.com Field,,Relatório da Partida,,/pt/partidas/a953c4ca/Columbus-Crew-New-York-Red-Bulls-2024Marco16-Major-League-Soccer
4,dom,2024-03-17,14:00,NE Revolution,1.2,1–2,1.0,FC Cincinnati,14.557,Gillette Stadium,,Relatório da Partida,,/pt/partidas/8a1b90c6/New-England-Revolution-FC-Cincinnati-2024Marco17-Major-League-Soccer
4,dom,2024-03-17,19:00,Atlanta Utd,0.8,2–0,0.5,Orlando City,42.631,Mercedes-Benz Stadium,,Relatório da Partida,,/pt/partidas/7bb29cba/Atlanta-United-Orlando-City-2024Marco17-Major-League-Soccer
4,sáb,2024-03-16,19:30,Dynamo FC,1.1,1–0,1.5,Portland Timbers,16.003,Shell Energy Stadium,,Relatório da Partida,,/pt/partidas/21fafab2/Houston-Dynamo-Portland-Timbers-2024Marco16-Major-League-Soccer
4,sáb,2024-03-16,19:30,FC Dallas,1.0,1–3,1.2,Vancouver W'caps,19.096,Toyota Stadium,,Relatório da Partida,,/pt/partidas/288fcaab/FC-Dallas-Vancouver-Whitecaps-FC-2024Marco16-Major-League-Soccer
4,sáb,2024-03-16,19:30,Minnesota Utd,0.8,2–0,1.6,LAFC,19.315,Allianz Field,,Relatório da Partida,,/pt/partidas/55a8dc23/Minnesota-United-Los-Angeles-FC-2024Marco16-Major-League-Soccer
4,sáb,2024-03-16,19:30,Sporting KC,1.0,2–1,1.3,SJ Earthquakes,18.219,Children's Mercy Park,,Relatório da Partida,,/pt/partidas/a6734d95/Sporting-Kansas-City-San-Jose-Earthquakes-2024Marco16-Major-League-Soccer
4,sáb,2024-03-16,19:30,LA Galaxy,2.5,3–3,2.1,St. Louis,25.174,Dignity Health Sports Park,,Relatório da Partida,,/pt/partidas/ca9b30e2/LA-Galaxy-St-Louis-City-2024Marco16-Major-League-Soccer
4,sáb,2024-03-16,19:30,Nashville,1.1,2–1,1.3,Charlotte,28.008,Geodis Park,,Relatório da Partida,,/pt/partidas/ce241944/Nashville-SC-Charlotte-FC-2024Marco16-Major-League-Soccer
4,sáb,2024-03-16,19:30,Austin,1.2,2–2,2.4,Philadelphia,20.738,Q2 Stadium,,Relatório da Partida,,/pt/partidas/e0d5cb27/Austin-FC-Philadelphia-Union-2024Marco16-Major-League-Soccer
5,sáb,2024-03-23,14:00,NY Red Bulls,1.2,4–0,0.3,Inter Miami,25.219,Red Bull Arena,,Relatório da Partida,,/pt/partidas/7e276e42/New-York-Red-Bulls-Inter-Miami-2024Marco23-Major-League-Soccer
5,sáb,2024-03-23,14:00,NE Revolution,1.5,1–1,0.9,Fire,15.269,Gillette Stadium,,Relatório da Partida,,/pt/partidas/923922fd/New-England-Revolution-Chicago-Fire-2024Marco23-Major-League-Soccer
5,sáb,2024-03-23,16:30,Vancouver W'caps,0.6,1–2,0.9,RSL,22.178,BC Place Stadium,,Relatório da Partida,,/pt/partidas/beeb3325/Vancouver-Whitecaps-FC-Real-Salt-Lake-2024Marco23-Major-League-Soccer
5,sáb,2024-03-23,19:30,Charlotte,1.7,2–0,0.9,Crew,30.104,Bank of America Stadium,,Relatório da Partida,,/pt/partidas/5f01a1f7/Charlotte-FC-Columbus-Crew-2024Marco23-Major-League-Soccer
5,sáb,2024-03-23,19:30,Orlando City,1.9,2–0,0.2,Austin,20.985,Inter&Co Stadium,,Relatório da Partida,,/pt/partidas/909fab57/Orlando-City-Austin-FC-2024Marco23-Major-League-Soccer
5,sáb,2024-03-23,19:30,Toronto FC,2.4,2–0,0.4,Atlanta Utd,25.768,BMO Field,,Relatório da Partida,,/pt/partidas/ab42cb3e/Toronto-FC-Atlanta-United-2024Marco23-Major-League-Soccer
5,sáb,2024-03-23,19:30,FC Cincinnati,1.5,1–0,0.5,NYCFC,24.282,TQL Stadium,,Relatório da Partida,,/pt/partidas/f92c125a/FC-Cincinnati-New-York-City-FC-2024Marco23-Major-League-Soccer
5,sáb,2024-03-23,19:30,Portland Timbers,1.8,1–3,1.9,Philadelphia,23.046,Providence Park,,Relatório da Partida,,/pt/partidas/2d05cf5f/Portland-Timbers-Philadelphia-Union-2024Marco23-Major-League-Soccer
5,sáb,2024-03-23,19:30,Sporting KC,2.5,2–3,1.9,LA Galaxy,18.102,Children's Mercy Park,,Relatório da Partida,,/pt/partidas/69df8cd0/Sporting-Kansas-City-LA-Galaxy-2024Marco23-Major-League-Soccer
5,sáb,2024-03-23,19:30,Rapids,0.7,0–1,0.8,Dynamo FC,13.432,Dick's Sporting Goods Park,,Relatório da Partida,,/pt/partidas/7402934b/Colorado-Rapids-Houston-Dynamo-2024Marco23-Major-League-Soccer
5,sáb,2024-03-23,19:30,St. Louis,2.0,2–2,1.9,D.C. United,22.423,Citypark,,Relatório da Partida,,/pt/partidas/9b3a4ec5/St-Louis-City-DC-United-2024Marco23-Major-League-Soccer
5,sáb,2024-03-23,19:30,SJ Earthquakes,2.2,3–2,1.4,Seattle,16.109,PayPal Park,,Relatório da Partida,,/pt/partidas/ea230f1a/San-Jose-Earthquakes-Seattle-Sounders-FC-2024Marco23-Major-League-Soccer
5,sáb,2024-03-23,19:30,LAFC,4.8,5–0,0.5,Nashville,22.000,BMO Stadium,,Relatório da Partida,,/pt/partidas/fb236b9c/Los-Angeles-FC-Nashville-SC-2024Marco23-Major-League-Soccer
6,sáb,2024-03-30,14:00,Rapids,1.6,3–2,1.1,LAFC,14.386,Dick's Sporting Goods Park,,Relatório da Partida,,/pt/partidas/151503a3/Colorado-Rapids-Los-Angeles-FC-2024Marco30-Major-League-Soccer
6,sáb,2024-03-30,14:00,Philadelphia,2.1,2–0,0.6,Minnesota Utd,19.047,Subaru Park,,Relatório da Partida,,/pt/partidas/2ff313cf/Philadelphia-Union-Minnesota-United-2024Marco30-Major-League-Soccer
6,sáb,2024-03-30,19:30,Toronto FC,1.4,1–3,1.2,Sporting KC,24.382,BMO Field,,Relatório da Partida,,/pt/partidas/19d23a79/Toronto-FC-Sporting-Kansas-City-2024Marco30-Major-League-Soccer
6,sáb,2024-03-30,19:30,Inter Miami,2.1,1–1,1.1,NYCFC,21.550,Chase Stadium,,Relatório da Partida,,/pt/partidas/86ee1038/Inter-Miami-New-York-City-FC-2024Marco30-Major-League-Soccer
6,sáb,2024-03-30,19:30,Orlando City,0.7,1–1,1.8,NY Red Bulls,23.859,Inter&Co Stadium,,Relatório da Partida,,/pt/partidas/8d190635/Orlando-City-New-York-Red-Bulls-2024Marco30-Major-League-Soccer
6,sáb,2024-03-30,19:30,D.C. United,2.1,1–0,0.8,CF Montréal,18.402,Audi Field,,Relatório da Partida,,/pt/partidas/a2da36ff/DC-United-CF-Montreal-2024Marco30-Major-League-Soccer
6,sáb,2024-03-30,19:30,Charlotte,2.3,1–1,1.6,FC Cincinnati,30.043,Bank of America Stadium,,Relatório da Partida,,/pt/partidas/f08c8327/Charlotte-FC-FC-Cincinnati-2024Marco30-Major-League-Soccer
6,dom,2024-03-31,15:30,Atlanta Utd,2.7,3–0,0.7,Fire,42.525,Mercedes-Benz Stadium,,Relatório da Partida,,/pt/partidas/afc6625d/Atlanta-United-Chicago-Fire-2024Marco31-Major-League-Soccer
6,sáb,2024-03-30,19:30,Dynamo FC,0.8,2–1,0.2,SJ Earthquakes,16.184,Shell Energy Stadium,,Relatório da Partida,,/pt/partidas/22e49f68/Houston-Dynamo-San-Jose-Earthquakes-2024Marco30-Major-League-Soccer
6,sáb,2024-03-30,19:30,Vancouver W'caps,2.4,3–2,1.1,Portland Timbers,24.693,BC Place Stadium,,Relatório da Partida,,/pt/partidas/28f83b14/Vancouver-Whitecaps-FC-Portland-Timbers-2024Marco30-Major-League-Soccer
6,sáb,2024-03-30,19:30,Nashville,1.7,2–2,1.4,Crew,28.613,Geodis Park,,Relatório da Partida,,/pt/partidas/41aebff4/Nashville-SC-Columbus-Crew-2024Marco30-Major-League-Soccer
6,sáb,2024-03-30,19:30,Austin,1.5,2–1,0.7,FC Dallas,20.738,Q2 Stadium,,Relatório da Partida,,/pt/partidas/47c385e1/Austin-FC-FC-Dallas-2024Marco30-Major-League-Soccer
6,sáb,2024-03-30,19:30,RSL,1.8,3–1,0.5,St. Louis,19.357,America First Field,,Relatório da Partida,,/pt/partidas/8bb08620/Real-Salt-Lake-St-Louis-City-2024Marco30-Major-League-Soccer
6,sáb,2024-03-30,19:30,LA Galaxy,0.8,1–0,1.7,Seattle,22.736,Dignity Health Sports Park,,Relatório da Partida,,/pt/partidas/f8a4be2d/LA-Galaxy-Seattle-Sounders-FC-2024Marco30-Major-League-Soccer
7,sáb,2024-04-06,16:30,Vancouver W'caps,2.5,4–0,0.7,Toronto FC,24.678,BC Place Stadium,,Relatório da Partida,,/pt/partidas/f1c67d3f/Vancouver-Whitecaps-FC-Toronto-FC-2024Abril6-Major-League-Soccer
7,sáb,2024-04-06,16:45,LAFC,3.6,2–1,1.0,LA Galaxy,22.321,BMO Stadium,,Relatório da Partida,,/pt/partidas/26ac9ad0/El-Trafico-Los-Angeles-FC-LA-Galaxy-2024Abril6-Major-League-Soccer
7,sáb,2024-04-06,19:30,Crew,0.6,1–1,1.9,D.C. United,20.740,Lower.com Field,,Relatório da Partida,,/pt/partidas/2fbde7c7/Columbus-Crew-DC-United-2024Abril6-Major-League-Soccer
7,sáb,2024-04-06,19:30,Inter Miami,1.0,2–2,1.2,Rapids,20.868,Chase Stadium,,Relatório da Partida,,/pt/partidas/d04ed97c/Inter-Miami-Colorado-Rapids-2024Abril6-Major-League-Soccer
7,sáb,2024-04-06,19:30,NYCFC,2.4,1–1,1.9,Atlanta Utd,21.497,Citi Field,,Relatório da Partida,,/pt/partidas/df1be9b7/New-York-City-FC-Atlanta-United-2024Abril6-Major-League-Soccer
7,sáb,2024-04-06,19:30,FC Cincinnati,0.7,1–2,1.2,NY Red Bulls,25.513,TQL Stadium,,Relatório da Partida,,/pt/partidas/eee99db7/FC-Cincinnati-New-York-Red-Bulls-2024Abril6-Major-League-Soccer
7,sáb,2024-04-06,19:30,NE Revolution,1.1,1–0,0.6,Charlotte,22.196,Gillette Stadium,,Relatório da Partida,,/pt/partidas/f80d3365/New-England-Revolution-Charlotte-FC-2024Abril6-Major-League-Soccer
7,dom,2024-04-07,12:45,Sporting KC,2.6,3–3,2.1,Portland Timbers,17.424,Children's Mercy Park,,Relatório da Partida,,/pt/partidas/cd79ef4e/Sporting-Kansas-City-Portland-Timbers-2024Abril7-Major-League-Soccer
7,sáb,2024-04-06,19:30,Nashville,1.7,1–2,1.9,Philadelphia,27.739,Geodis Park,,Relatório da Partida,,/pt/partidas/2d9f0d72/Nashville-SC-Philadelphia-Union-2024Abril6-Major-League-Soccer
7,sáb,2024-04-06,19:30,Fire,1.4,2–1,1.0,Dynamo FC,18.844,Soldier Field,,Relatório da Partida,,/pt/partidas/3b5e1657/Chicago-Fire-Houston-Dynamo-2024Abril6-Major-League-Soccer
7,sáb,2024-04-06,19:30,Seattle,3.6,5–0,0.5,CF Montréal,30.013,Lumen Field,,Relatório da Partida,,/pt/partidas/603e6328/Seattle-Sounders-FC-CF-Montreal-2024Abril6-Major-League-Soccer
7,sáb,2024-04-06,19:30,Austin,1.9,4–3,2.7,SJ Earthquakes,20.738,Q2 Stadium,,Relatório da Partida,,/pt/partidas/c03fbc1a/Austin-FC-San-Jose-Earthquakes-2024Abril6-Major-League-Soccer
7,sáb,2024-04-06,19:30,Minnesota Utd,1.9,1–1,1.0,RSL,18.652,Allianz Field,,Relatório da Partida,,/pt/partidas/c1a70efa/Minnesota-United-Real-Salt-Lake-2024Abril6-Major-League-Soccer
7,sáb,2024-04-06,19:30,St. Louis,1.9,0–0,1.3,FC Dallas,22.423,Citypark,,Relatório da Partida,,/pt/partidas/cb095ec9/St-Louis-City-FC-Dallas-2024Abril6-Major-League-Soccer
8,sáb,2024-04-13,13:45,Portland Timbers,1.4,2–2,1.7,LAFC,23.245,Providence Park,,Relatório da Partida,,/pt/partidas/811d5ac7/Portland-Timbers-Los-Angeles-FC-2024Abril13-Major-League-Soccer
8,sáb,2024-04-13,19:30,CF Montréal,1.1,2–1,1.0,FC Cincinnati,19.619,Stade Saputo,,Relatório da Partida,,/pt/partidas/0a5d01ce/CF-Montreal-FC-Cincinnati-2024Abril13-Major-League-Soccer
8,sáb,2024-04-13,19:30,NYCFC,2.5,2–0,0.4,NE Revolution,20.744,Yankee Stadium,,Relatório da Partida,,/pt/partidas/34d70769/New-York-City-FC-New-England-Revolution-2024Abril13-Major-League-Soccer
8,sáb,2024-04-13,19:30,NY Red Bulls,1.4,0–0,0.6,Fire,17.501,Red Bull Arena,,Relatório da Partida,,/pt/partidas/45ec3a57/New-York-Red-Bulls-Chicago-Fire-2024Abril13-Major-League-Soccer
8,sáb,2024-04-13,19:30,Charlotte,1.0,3–2,1.8,Toronto FC,31.414,Bank of America Stadium,,Relatório da Partida,,/pt/partidas/89649673/Charlotte-FC-Toronto-FC-2024Abril13-Major-League-Soccer
8,sáb,2024-04-13,19:30,D.C. United,1.5,2–3,1.8,Orlando City,18.615,Audi Field,,Relatório da Partida,,/pt/partidas/a5134bd7/DC-United-Orlando-City-2024Abril13-Major-League-Soccer
8,dom,2024-04-14,14:30,Atlanta Utd,1.6,2–2,1.1,Philadelphia,42.763,Mercedes-Benz Stadium,,Relatório da Partida,,/pt/partidas/c039eaaf/Atlanta-United-Philadelphia-Union-2024Abril14-Major-League-Soccer
8,dom,2024-04-14,15:45,St. Louis,1.5,1–0,0.3,Austin,22.423,Citypark,,Relatório da Partida,,/pt/partidas/421c5841/St-Louis-City-Austin-FC-2024Abril14-Major-League-Soccer
8,sáb,2024-04-13,19:30,RSL,1.8,0–0,0.6,Crew,20.033,America First Field,,Relatório da Partida,,/pt/partidas/214b3f4d/Real-Salt-Lake-Columbus-Crew-2024Abril13-Major-League-Soccer
8,sáb,2024-04-13,19:30,FC Dallas,0.8,0–0,1.0,Seattle,19.096,Toyota Stadium,,Relatório da Partida,,/pt/partidas/315d0d90/FC-Dallas-Seattle-Sounders-FC-2024Abril13-Major-League-Soccer
8,sáb,2024-04-13,19:30,Vancouver W'caps,2.4,1–3,2.4,LA Galaxy,25.026,BC Place Stadium,,Relatório da Partida,,/pt/partidas/34f6b2f2/Vancouver-Whitecaps-FC-LA-Galaxy-2024Abril13-Major-League-Soccer
8,sáb,2024-04-13,19:30,SJ Earthquakes,2.2,0–3,1.8,Rapids,14.232,PayPal Park,,Relatório da Partida,,/pt/partidas/5aadf378/San-Jose-Earthquakes-Colorado-Rapids-2024Abril13-Major-League-Soccer
8,sáb,2024-04-13,19:30,Sporting KC,0.6,2–3,0.9,Inter Miami,72.610,GEHA Field at Arrowhead Stadium,,Relatório da Partida,,/pt/partidas/6b527863/Sporting-Kansas-City-Inter-Miami-2024Abril13-Major-League-Soccer
8,sáb,2024-04-13,19:30,Minnesota Utd,2.3,1–2,0.4,Dynamo FC,19.658,Allianz Field,,Relatório da Partida,,/pt/partidas/9800a9d3/Minnesota-United-Houston-Dynamo-2024Abril13-Major-League-Soccer
9,sáb,2024-04-20,19:30,Atlanta Utd,1.9,1–2,2.0,FC Cincinnati,42.600,Mercedes-Benz Stadium,,Relatório da Partida,,/pt/partidas/3a1b56cb/Atlanta-United-FC-Cincinnati-2024Abril20-Major-League-Soccer
9,sáb,2024-04-20,19:30,CF Montréal,1.5,2–2,1.5,Orlando City,19.619,Stade Saputo,,Relatório da Partida,,/pt/partidas/4db3074c/CF-Montreal-Orlando-City-2024Abril20-Major-League-Soccer
9,sáb,2024-04-20,19:30,Crew,1.5,2–2,0.6,Portland Timbers,20.740,Lower.com Field,,Relatório da Partida,,/pt/partidas/75fde75d/Columbus-Crew-Portland-Timbers-2024Abril20-Major-League-Soccer
9,sáb,2024-04-20,19:30,NYCFC,3.0,2–0,0.6,D.C. United,21.073,Citi Field,,Relatório da Partida,,/pt/partidas/90a1eb63/New-York-City-FC-DC-United-2024Abril20-Major-League-Soccer
9,sáb,2024-04-20,19:30,Toronto FC,1.5,1–0,1.5,NE Revolution,24.108,BMO Field,,Relatório da Partida,,/pt/partidas/ba3f4e39/Toronto-FC-New-England-Revolution-2024Abril20-Major-League-Soccer
9,sáb,2024-04-20,19:30,Inter Miami,2.6,3–1,2.4,Nashville,21.398,Chase Stadium,,Relatório da Partida,,/pt/partidas/ca5b6986/Inter-Miami-Nashville-SC-2024Abril20-Major-League-Soccer
9,dom,2024-04-21,18:00,Charlotte,0.9,0–3,1.7,Minnesota Utd,27.021,Bank of America Stadium,,Relatório da Partida,,/pt/partidas/03cccbbc/Charlotte-FC-Minnesota-United-2024Abril21-Major-League-Soccer
9,sáb,2024-04-20,19:30,Dynamo FC,1.5,0–1,0.8,Austin,20.115,Shell Energy Stadium,,Relatório da Partida,,/pt/partidas/244f80fc/Houston-Dynamo-Austin-FC-2024Abril20-Major-League-Soccer
9,sáb,2024-04-20,19:30,Fire,1.2,0–4,1.8,RSL,14.247,Soldier Field,,Relatório da Partida,,/pt/partidas/395bf6ef/Chicago-Fire-Real-Salt-Lake-2024Abril20-Major-League-Soccer
9,sáb,2024-04-20,19:30,Rapids,1.8,2–1,1.0,FC Dallas,7.492,Dick's Sporting Goods Park,,Relatório da Partida,,/pt/partidas/aaaee2b6/Colorado-Rapids-FC-Dallas-2024Abril20-Major-League-Soccer
9,sáb,2024-04-20,19:30,Seattle,0.6,0–2,2.0,Vancouver W'caps,30.550,Lumen Field,,Relatório da Partida,,/pt/partidas/b5ef2e57/Seattle-Sounders-FC-Vancouver-Whitecaps-FC-2024Abril20-Major-League-Soccer
9,sáb,2024-04-20,19:30,Sporting KC,1.3,3–3,1.9,St. Louis,19.637,Children's Mercy Park,,Relatório da Partida,,/pt/partidas/ba3c6c8c/Sporting-Kansas-City-St-Louis-City-2024Abril20-Major-League-Soccer
9,sáb,2024-04-20,19:30,LAFC,1.5,2–2,1.0,NY Red Bulls,22.122,BMO Stadium,,Relatório da Partida,,/pt/partidas/bb9c1d23/Los-Angeles-FC-New-York-Red-Bulls-2024Abril20-Major-League-Soccer
9,dom,2024-04-21,17:15,LA Galaxy,2.4,4–3,1.8,SJ Earthquakes,25.335,Dignity Health Sports Park,,Relatório da Partida,,/pt/partidas/003a9b0a/California-Clasico-LA-Galaxy-San-Jose-Earthquakes-2024Abril21-Major-League-Soccer
10,sáb,2024-04-27,12:45,Austin,1.1,2–0,0.5,LA Galaxy,20.738,Q2 Stadium,,Relatório da Partida,,/pt/partidas/9141b60b/Austin-FC-LA-Galaxy-2024Abril27-Major-League-Soccer
10,sáb,2024-04-27,19:30,FC Cincinnati,2.1,2–1,0.7,Rapids,25.513,TQL Stadium,,Relatório da Partida,,/pt/partidas/05b6ea1f/FC-Cincinnati-Colorado-Rapids-2024Abril27-Major-League-Soccer
10,sáb,2024-04-27,19:30,Crew,1.5,0–0,0.6,CF Montréal,20.927,Lower.com Field,,Relatório da Partida,,/pt/partidas/2e6ddd5a/Columbus-Crew-CF-Montreal-2024Abril27-Major-League-Soccer
10,sáb,2024-04-27,19:30,Philadelphia,1.8,1–2,0.5,RSL,19.048,Subaru Park,,Relatório da Partida,,/pt/partidas/6550a0e0/Philadelphia-Union-Real-Salt-Lake-2024Abril27-Major-League-Soccer
10,sáb,2024-04-27,19:30,NYCFC,1.4,2–1,1.1,Charlotte,20.119,Yankee Stadium,,Relatório da Partida,,/pt/partidas/748dfdfe/New-York-City-FC-Charlotte-FC-2024Abril27-Major-League-Soccer
10,sáb,2024-04-27,19:30,NY Red Bulls,1.2,1–1,1.0,Vancouver W'caps,17.525,Red Bull Arena,,Relatório da Partida,,/pt/partidas/8f3eb7ad/New-York-Red-Bulls-Vancouver-Whitecaps-FC-2024Abril27-Major-League-Soccer
10,sáb,2024-04-27,19:30,NE Revolution,0.4,1–4,2.8,Inter Miami,65.612,Gillette Stadium,,Relatório da Partida,,/pt/partidas/b3d29306/New-England-Revolution-Inter-Miami-2024Abril27-Major-League-Soccer
10,sáb,2024-04-27,19:30,D.C. United,1.9,2–1,1.4,Seattle,18.223,Audi Field,,Relatório da Partida,,/pt/partidas/d9912658/DC-United-Seattle-Sounders-FC-2024Abril27-Major-League-Soccer
10,sáb,2024-04-27,19:30,Orlando City,0.9,1–2,1.5,Toronto FC,21.689,Inter&Co Stadium,,Relatório da Partida,,/pt/partidas/e44efb09/Orlando-City-Toronto-FC-2024Abril27-Major-League-Soccer
10,sáb,2024-04-27,19:30,Fire,1.0,0–0,1.3,Atlanta Utd,18.236,Soldier Field,,Relatório da Partida,,/pt/partidas/2cf27dc0/Chicago-Fire-Atlanta-United-2024Abril27-Major-League-Soccer
10,sáb,2024-04-27,19:30,LAFC,1.2,3–2,0.8,Portland Timbers,22.032,BMO Stadium,,Relatório da Partida,,/pt/partidas/3ee3b03b/Los-Angeles-FC-Portland-Timbers-2024Abril27-Major-League-Soccer
10,sáb,2024-04-27,19:30,FC Dallas,2.3,2–0,0.1,Dynamo FC,19.096,Toyota Stadium,,Relatório da Partida,,/pt/partidas/3f64fa56/FC-Dallas-Houston-Dynamo-2024Abril27-Major-League-Soccer
10,sáb,2024-04-27,19:30,Minnesota Utd,2.3,2–1,1.4,Sporting KC,19.712,Allianz Field,,Relatório da Partida,,/pt/partidas/628605a9/Minnesota-United-Sporting-Kansas-City-2024Abril27-Major-League-Soccer
10,sáb,2024-04-27,19:30,Nashville,1.0,1–1,1.2,SJ Earthquakes,28.984,Geodis Park,,Relatório da Partida,,/pt/partidas/f2fb4c0e/Nashville-SC-San-Jose-Earthquakes-2024Abril27-Major-League-Soccer
3,ter,2024-04-30,19:30,Philadelphia,1.2,2–3,2.2,Seattle,18.525,Subaru Park,,Relatório da Partida,,/pt/partidas/5688e70e/Philadelphia-Union-Seattle-Sounders-FC-2024Abril30-Major-League-Soccer
11,sáb,2024-05-04,16:30,SJ Earthquakes,1.5,3–1,1.9,LAFC,43.774,Levi's Stadium,,Relatório da Partida,,/pt/partidas/84ef8c0d/San-Jose-Earthquakes-Los-Angeles-FC-2024Maio4-Major-League-Soccer
11,sáb,2024-05-04,19:30,Inter Miami,2.8,6–2,1.5,NY Red Bulls,21.488,Chase Stadium,,Relatório da Partida,,/pt/partidas/0e3dc607/Inter-Miami-New-York-Red-Bulls-2024Maio4-Major-League-Soccer
11,sáb,2024-05-04,19:30,D.C. United,1.1,2–2,0.6,Philadelphia,17.237,Audi Field,,Relatório da Partida,,/pt/partidas/240e5c11/DC-United-Philadelphia-Union-2024Maio4-Major-League-Soccer
11,sáb,2024-05-04,19:30,Charlotte,1.4,2–0,0.4,Portland Timbers,27.495,Bank of America Stadium,,Relatório da Partida,,/pt/partidas/2ce5d297/Charlotte-FC-Portland-Timbers-2024Maio4-Major-League-Soccer
11,sáb,2024-05-04,19:30,Orlando City,0.7,0–1,1.0,FC Cincinnati,21.218,Inter&Co Stadium,,Relatório da Partida,,/pt/partidas/329c83ce/Orlando-City-FC-Cincinnati-2024Maio4-Major-League-Soccer
11,sáb,2024-05-04,19:30,Toronto FC,1.4,3–1,0.4,FC Dallas,24.257,BMO Field,,Relatório da Partida,,/pt/partidas/94440830/Toronto-FC-FC-Dallas-2024Maio4-Major-League-Soccer
11,sáb,2024-05-04,19:30,Atlanta Utd,1.7,1–2,0.5,Minnesota Utd,43.338,Mercedes-Benz Stadium,,Relatório da Partida,,/pt/partidas/e7276237/Atlanta-United-Minnesota-United-2024Maio4-Major-League-Soccer
11,dom,2024-05-05,15:45,Seattle,1.5,0–0,0.4,LA Galaxy,31.102,Lumen Field,,Relatório da Partida,,/pt/partidas/916ef4c6/Seattle-Sounders-FC-LA-Galaxy-2024Maio5-Major-League-Soccer
11,dom,2024-05-05,16:00,NYCFC,1.3,0–2,0.6,Rapids,19.456,Citi Field,,Relatório da Partida,,/pt/partidas/765e3ddc/New-York-City-FC-Colorado-Rapids-2024Maio5-Major-League-Soccer
11,sáb,2024-05-04,19:30,Fire,1.1,0–1,0.9,NE Revolution,18.379,Soldier Field,,Relatório da Partida,,/pt/partidas/1193e66a/Chicago-Fire-New-England-Revolution-2024Maio4-Major-League-Soccer
11,sáb,2024-05-04,19:30,Vancouver W'caps,1.2,0–0,0.3,Austin,32.465,BC Place Stadium,,Relatório da Partida,,/pt/partidas/1e0ed80e/Vancouver-Whitecaps-FC-Austin-FC-2024Maio4-Major-League-Soccer
11,sáb,2024-05-04,19:30,Dynamo FC,1.3,0–0,1.0,St. Louis,22.039,Shell Energy Stadium,,Relatório da Partida,,/pt/partidas/216fbb89/Houston-Dynamo-St-Louis-City-2024Maio4-Major-League-Soccer
11,sáb,2024-05-04,19:30,RSL,0.9,1–0,0.3,Sporting KC,20.001,America First Field,,Relatório da Partida,,/pt/partidas/93b66735/Real-Salt-Lake-Sporting-Kansas-City-2024Maio4-Major-League-Soccer
11,sáb,2024-05-04,19:30,Nashville,2.7,4–1,0.8,CF Montréal,28.600,Geodis Park,,Relatório da Partida,,/pt/partidas/fab2c4ff/Nashville-SC-CF-Montreal-2024Maio4-Major-League-Soccer
12,sáb,2024-05-11,19:30,Charlotte,0.4,1–0,0.1,Nashville,36.319,Bank of America Stadium,,Relatório da Partida,,/pt/partidas/1e4e3f9a/Charlotte-FC-Nashville-SC-2024Maio11-Major-League-Soccer
12,sáb,2024-05-11,19:30,Atlanta Utd,1.3,2–3,2.3,D.C. United,42.822,Mercedes-Benz Stadium,,Relatório da Partida,,/pt/partidas/52c17cb6/Atlanta-United-DC-United-2024Maio11-Major-League-Soccer
12,sáb,2024-05-11,19:30,Philadelphia,3.7,2–3,1.2,Orlando City,19.028,Subaru Park,,Relatório da Partida,,/pt/partidas/54c12e73/Philadelphia-Union-Orlando-City-2024Maio11-Major-League-Soccer
12,sáb,2024-05-11,19:30,Toronto FC,1.9,2–3,2.4,NYCFC,26.925,BMO Field,,Relatório da Partida,,/pt/partidas/5876b797/Toronto-FC-New-York-City-FC-2024Maio11-Major-League-Soccer
12,sáb,2024-05-11,19:30,CF Montréal,1.3,2–3,1.2,Inter Miami,19.619,Stade Saputo,,Relatório da Partida,,/pt/partidas/58f6002a/CF-Montreal-Inter-Miami-2024Maio11-Major-League-Soccer
12,sáb,2024-05-11,19:30,NY Red Bulls,3.4,4–2,1.2,NE Revolution,,Red Bull Arena,,Relatório da Partida,,/pt/partidas/8c0ef45a/New-York-Red-Bulls-New-England-Revolution-2024Maio11-Major-League-Soccer
12,sáb,2024-05-11,19:45,Crew,0.8,1–2,1.2,FC Cincinnati,20.900,Lower.com Field,,Relatório da Partida,,/pt/partidas/854d1831/Columbus-Crew-FC-Cincinnati-2024Maio11-Major-League-Soccer
12,dom,2024-05-12,13:45,Portland Timbers,0.7,1–2,0.4,Seattle,25.218,Providence Park,,Relatório da Partida,,/pt/partidas/0fa55bea/Portland-Timbers-Seattle-Sounders-FC-2024Maio12-Major-League-Soccer
12,sáb,2024-05-11,19:30,St. Louis,2.3,3–1,1.0,Fire,22.500,Citypark,,Relatório da Partida,,/pt/partidas/2372ac4b/St-Louis-City-Chicago-Fire-2024Maio11-Major-League-Soccer
12,sáb,2024-05-11,19:30,LA Galaxy,2.8,2–2,1.4,RSL,25.220,Dignity Health Sports Park,,Relatório da Partida,,/pt/partidas/25688118/LA-Galaxy-Real-Salt-Lake-2024Maio11-Major-League-Soccer
12,sáb,2024-05-11,19:30,Sporting KC,0.7,1–2,1.3,Dynamo FC,18.562,Children's Mercy Park,,Relatório da Partida,,/pt/partidas/97e0b3fe/Sporting-Kansas-City-Houston-Dynamo-2024Maio11-Major-League-Soccer
12,sáb,2024-05-11,19:30,Rapids,1.9,2–3,1.1,SJ Earthquakes,15.557,Dick's Sporting Goods Park,,Relatório da Partida,,/pt/partidas/e51a4cdc/Colorado-Rapids-San-Jose-Earthquakes-2024Maio11-Major-League-Soccer
12,sáb,2024-05-11,19:30,FC Dallas,1.4,2–1,2.1,Austin,19.069,Toyota Stadium,,Relatório da Partida,,/pt/partidas/ef15515f/FC-Dallas-Austin-FC-2024Maio11-Major-League-Soccer
12,sáb,2024-05-11,19:30,LAFC,3.8,3–0,0.4,Vancouver W'caps,22.099,BMO Stadium,,Relatório da Partida,,/pt/partidas/f3136125/Los-Angeles-FC-Vancouver-Whitecaps-FC-2024Maio11-Major-League-Soccer
13,qua,2024-05-15,19:30,FC Cincinnati,1.1,1–0,0.5,Atlanta Utd,24.593,TQL Stadium,,Relatório da Partida,,/pt/partidas/0df2e11a/FC-Cincinnati-Atlanta-United-2024Maio15-Major-League-Soccer
13,qua,2024-05-15,19:30,Philadelphia,2.1,1–2,1.3,NYCFC,18.531,Subaru Park,,Relatório da Partida,,/pt/partidas/0e61b36b/Philadelphia-Union-New-York-City-FC-2024Maio15-Major-League-Soccer
13,qua,2024-05-15,19:30,Orlando City,0.7,0–0,0.6,Inter Miami,25.046,Inter&Co Stadium,,Relatório da Partida,,/pt/partidas/4f10ca76/Orlando-City-Inter-Miami-2024Maio15-Major-League-Soccer
13,qua,2024-05-15,19:30,D.C. United,2.8,1–4,2.3,NY Red Bulls,17.417,Audi Field,,Relatório da Partida,,/pt/partidas/968ef849/DC-United-New-York-Red-Bulls-2024Maio15-Major-League-Soccer
13,qua,2024-05-15,19:30,CF Montréal,1.8,1–3,2.5,Crew,19.619,Stade Saputo,,Relatório da Partida,,/pt/partidas/bfb6a07b/CF-Montreal-Columbus-Crew-2024Maio15-Major-League-Soccer
13,qua,2024-05-15,19:30,Austin,1.4,1–0,1.3,Dynamo FC,20.738,Q2 Stadium,,Relatório da Partida,,/pt/partidas/22924e56/Austin-FC-Houston-Dynamo-2024Maio15-Major-League-Soccer
13,qua,2024-05-15,19:30,Portland Timbers,2.8,4–2,1.0,SJ Earthquakes,,Providence Park,,Relatório da Partida,,/pt/partidas/2f8c4131/Portland-Timbers-San-Jose-Earthquakes-2024Maio15-Major-League-Soccer
13,qua,2024-05-15,19:30,Rapids,2.4,1–0,0.7,Vancouver W'caps,11.190,Dick's Sporting Goods Park,,Relatório da Partida,,/pt/partidas/4a75db5f/Colorado-Rapids-Vancouver-Whitecaps-FC-2024Maio15-Major-League-Soccer
13,qua,2024-05-15,19:30,Fire,1.0,0–1,0.5,Charlotte,12.806,Soldier Field,,Relatório da Partida,,/pt/partidas/7c251e31/Chicago-Fire-Charlotte-FC-2024Maio15-Major-League-Soccer
13,qua,2024-05-15,19:30,St. Louis,1.2,0–2,1.7,LAFC,,Citypark,,Relatório da Partida,,/pt/partidas/805de38b/St-Louis-City-Los-Angeles-FC-2024Maio15-Major-League-Soccer
13,qua,2024-05-15,19:30,RSL,2.1,2–0,0.5,Seattle,,America First Field,,Relatório da Partida,,/pt/partidas/89d0abe1/Real-Salt-Lake-Seattle-Sounders-FC-2024Maio15-Major-League-Soccer
13,qua,2024-05-15,19:30,Nashville,0.8,2–0,0.4,Toronto FC,27.868,Geodis Park,,Relatório da Partida,,/pt/partidas/bd015c13/Nashville-SC-Toronto-FC-2024Maio15-Major-League-Soccer
13,qua,2024-05-15,19:30,Minnesota Utd,2.5,2–2,1.0,LA Galaxy,18.722,Allianz Field,,Relatório da Partida,,/pt/partidas/bdafd273/Minnesota-United-LA-Galaxy-2024Maio15-Major-League-Soccer
14,sáb,2024-05-18,12:45,Nashville,1.4,1–1,0.7,Atlanta Utd,28.377,Geodis Park,,Relatório da Partida,,/pt/partidas/2c68d504/Nashville-SC-Atlanta-United-2024Maio18-Major-League-Soccer
14,sáb,2024-05-18,19:30,Toronto FC,3.2,5–1,2.1,CF Montréal,28.261,BMO Field,,Relatório da Partida,,/pt/partidas/21bd8a8f/Toronto-FC-CF-Montreal-2024Maio18-Major-League-Soccer
14,sáb,2024-05-18,19:30,Inter Miami,1.1,1–0,1.1,D.C. United,21.318,Chase Stadium,,Relatório da Partida,,/pt/partidas/3bb1970e/Inter-Miami-DC-United-2024Maio18-Major-League-Soccer
14,sáb,2024-05-18,19:30,FC Cincinnati,3.0,3–1,0.6,St. Louis,25.512,TQL Stadium,,Relatório da Partida,,/pt/partidas/53879222/FC-Cincinnati-St-Louis-City-2024Maio18-Major-League-Soccer
14,sáb,2024-05-18,19:30,NYCFC,1.2,2–1,1.0,NY Red Bulls,30.731,Citi Field,,Relatório da Partida,,/pt/partidas/91fccbd6/New-York-City-FC-New-York-Red-Bulls-2024Maio18-Major-League-Soccer
14,sáb,2024-05-18,19:30,Charlotte,1.2,0–0,1.5,LA Galaxy,29.099,Bank of America Stadium,,Relatório da Partida,,/pt/partidas/bace4be5/Charlotte-FC-LA-Galaxy-2024Maio18-Major-League-Soccer
14,sáb,2024-05-18,19:30,NE Revolution,1.4,0–3,2.2,Philadelphia,34.947,Gillette Stadium,,Relatório da Partida,,/pt/partidas/beb05982/New-England-Revolution-Philadelphia-Union-2024Maio18-Major-League-Soccer
14,sáb,2024-05-18,19:30,SJ Earthquakes,0.6,0–1,1.8,Orlando City,14.172,PayPal Park,,Relatório da Partida,,/pt/partidas/52f6b357/San-Jose-Earthquakes-Orlando-City-2024Maio18-Major-League-Soccer
14,sáb,2024-05-18,19:30,Austin,2.4,3–2,1.0,Sporting KC,20.738,Q2 Stadium,,Relatório da Partida,,/pt/partidas/535579d8/Austin-FC-Sporting-Kansas-City-2024Maio18-Major-League-Soccer
14,sáb,2024-05-18,19:30,Seattle,1.0,1–1,1.0,Vancouver W'caps,30.102,Lumen Field,,Relatório da Partida,,/pt/partidas/58a45d6b/Seattle-Sounders-FC-Vancouver-Whitecaps-FC-2024Maio18-Major-League-Soccer
14,sáb,2024-05-18,19:30,Dynamo FC,0.8,1–1,0.8,FC Dallas,19.284,Shell Energy Stadium,,Relatório da Partida,,/pt/partidas/658978b8/Houston-Dynamo-FC-Dallas-2024Maio18-Major-League-Soccer
14,sáb,2024-05-18,19:30,RSL,2.3,5–3,2.4,Rapids,20.213,America First Field,,Relatório da Partida,,/pt/partidas/7a7dea1a/Real-Salt-Lake-Colorado-Rapids-2024Maio18-Major-League-Soccer
14,sáb,2024-05-18,19:30,Minnesota Utd,2.3,2–1,1.4,Portland Timbers,19.735,Allianz Field,,Relatório da Partida,,/pt/partidas/b746d39e/Minnesota-United-Portland-Timbers-2024Maio18-Major-League-Soccer
14,sáb,2024-05-18,19:30,Fire,1.3,1–3,0.9,Crew,23.319,Soldier Field,,Relatório da Partida,,/pt/partidas/e976169a/Chicago-Fire-Columbus-Crew-2024Maio18-Major-League-Soccer
15,sáb,2024-05-25,19:30,CF Montréal,1.2,0–0,0.8,Nashville,19.619,Stade Saputo,,Relatório da Partida,,/pt/partidas/198ee8fc/CF-Montreal-Nashville-SC-2024Maio25-Major-League-Soccer
15,sáb,2024-05-25,19:30,D.C. United,1.2,1–1,0.9,Fire,19.081,Audi Field,,Relatório da Partida,,/pt/partidas/30542b1b/DC-United-Chicago-Fire-2024Maio25-Major-League-Soccer
15,sáb,2024-05-25,19:30,Charlotte,1.0,0–0,0.9,Philadelphia,32.232,Bank of America Stadium,,Relatório da Partida,,/pt/partidas/33f1f77a/Charlotte-FC-Philadelphia-Union-2024Maio25-Major-League-Soccer
15,sáb,2024-05-25,19:30,Toronto FC,1.3,3–4,1.5,FC Cincinnati,27.941,BMO Field,,Relatório da Partida,,/pt/partidas/679258d6/Toronto-FC-FC-Cincinnati-2024Maio25-Major-League-Soccer
15,sáb,2024-05-25,19:30,Atlanta Utd,1.3,0–1,0.9,LAFC,43.128,Mercedes-Benz Stadium,,Relatório da Partida,,/pt/partidas/eea0cd00/Atlanta-United-Los-Angeles-FC-2024Maio25-Major-League-Soccer
15,sáb,2024-05-25,19:30,NE Revolution,0.7,0–1,1.5,NYCFC,26.625,Gillette Stadium,,Relatório da Partida,,/pt/partidas/ef1106c2/New-England-Revolution-New-York-City-FC-2024Maio25-Major-League-Soccer
15,sáb,2024-05-25,19:30,Orlando City,1.3,0–2,2.2,Crew,21.726,Inter&Co Stadium,,Relatório da Partida,,/pt/partidas/f43c6fe8/Orlando-City-Columbus-Crew-2024Maio25-Major-League-Soccer
15,sáb,2024-05-25,19:30,FC Dallas,1.6,3–3,3.1,RSL,19.096,Toyota Stadium,,Relatório da Partida,,/pt/partidas/022f73ae/FC-Dallas-Real-Salt-Lake-2024Maio25-Major-League-Soccer
15,sáb,2024-05-25,19:30,Portland Timbers,2.1,2–1,0.2,Sporting KC,22.848,Providence Park,,Relatório da Partida,,/pt/partidas/3609bf32/Portland-Timbers-Sporting-Kansas-City-2024Maio25-Major-League-Soccer
15,sáb,2024-05-25,19:30,Rapids,3.3,3–3,1.9,Minnesota Utd,16.201,Dick's Sporting Goods Park,,Relatório da Partida,,/pt/partidas/50a966c2/Colorado-Rapids-Minnesota-United-2024Maio25-Major-League-Soccer
15,sáb,2024-05-25,19:30,SJ Earthquakes,3.3,1–1,0.6,Austin,13.744,PayPal Park,,Relatório da Partida,,/pt/partidas/9bbbfca2/San-Jose-Earthquakes-Austin-FC-2024Maio25-Major-League-Soccer
15,sáb,2024-05-25,19:30,Vancouver W'caps,2.2,1–2,1.3,Inter Miami,51.035,BC Place Stadium,,Relatório da Partida,,/pt/partidas/b76f997a/Vancouver-Whitecaps-FC-Inter-Miami-2024Maio25-Major-League-Soccer
15,sáb,2024-05-25,19:30,St. Louis,1.5,1–2,1.3,Seattle,22.500,Citypark,,Relatório da Partida,,/pt/partidas/ce6a9fbe/St-Louis-City-Seattle-Sounders-FC-2024Maio25-Major-League-Soccer
15,sáb,2024-05-25,19:30,LA Galaxy,1.1,2–1,1.9,Dynamo FC,21.707,Dignity Health Sports Park,,Relatório da Partida,,/pt/partidas/fd6a5705/LA-Galaxy-Houston-Dynamo-2024Maio25-Major-League-Soccer
16,qua,2024-05-29,19:30,CF Montréal,2.4,4–2,1.4,D.C. United,19.619,Stade Saputo,,Relatório da Partida,,/pt/partidas/17a36202/CF-Montreal-DC-United-2024Maio29-Major-League-Soccer
16,qua,2024-05-29,19:30,NY Red Bulls,1.4,3–1,0.6,Charlotte,,Red Bull Arena,,Relatório da Partida,,/pt/partidas/5669fd57/New-York-Red-Bulls-Charlotte-FC-2024Maio29-Major-League-Soccer
16,qua,2024-05-29,19:30,FC Cincinnati,1.3,0–2,1.0,Nashville,25.513,TQL Stadium,,Relatório da Partida,,/pt/partidas/6016a41a/FC-Cincinnati-Nashville-SC-2024Maio29-Major-League-Soccer
16,qua,2024-05-29,19:30,Philadelphia,0.7,0–0,1.2,Toronto FC,18.535,Subaru Park,,Relatório da Partida,,/pt/partidas/6f099543/Philadelphia-Union-Toronto-FC-2024Maio29-Major-League-Soccer
16,qua,2024-05-29,19:30,Inter Miami,0.7,1–3,3.5,Atlanta Utd,21.326,Chase Stadium,,Relatório da Partida,,/pt/partidas/b19c2ffc/Inter-Miami-Atlanta-United-2024Maio29-Major-League-Soccer
16,qua,2024-05-29,19:30,LA Galaxy,3.6,3–1,0.6,FC Dallas,19.505,Dignity Health Sports Park,,Relatório da Partida,,/pt/partidas/04c56680/LA-Galaxy-FC-Dallas-2024Maio29-Major-League-Soccer
16,qua,2024-05-29,19:30,Seattle,0.8,1–1,1.3,RSL,29.244,Lumen Field,,Relatório da Partida,,/pt/partidas/82ca4d08/Seattle-Sounders-FC-Real-Salt-Lake-2024Maio29-Major-League-Soccer
16,qua,2024-05-29,19:30,Dynamo FC,2.3,3–1,1.7,Rapids,15.237,Shell Energy Stadium,,Relatório da Partida,,/pt/partidas/93a3b656/Houston-Dynamo-Colorado-Rapids-2024Maio29-Major-League-Soccer
16,qua,2024-05-29,19:30,Austin,2.2,0–2,1.7,Portland Timbers,20.738,Q2 Stadium,,Relatório da Partida,,/pt/partidas/abdec1e1/Austin-FC-Portland-Timbers-2024Maio29-Major-League-Soccer
16,qua,2024-05-29,19:30,Sporting KC,0.8,1–2,1.8,Vancouver W'caps,17.046,Children's Mercy Park,,Relatório da Partida,,/pt/partidas/bbaf48cb/Sporting-Kansas-City-Vancouver-Whitecaps-FC-2024Maio29-Major-League-Soccer
16,qua,2024-05-29,19:30,Fire,1.0,1–1,0.8,Orlando City,11.372,Soldier Field,,Relatório da Partida,,/pt/partidas/f92a7948/Chicago-Fire-Orlando-City-2024Maio29-Major-League-Soccer
16,qua,2024-05-29,19:45,LAFC,2.3,2–0,0.2,Minnesota Utd,22.010,BMO Stadium,,Relatório da Partida,,/pt/partidas/973f1dbc/Los-Angeles-FC-Minnesota-United-2024Maio29-Major-League-Soccer
17,sex,2024-05-31,19:30,NYCFC,2.7,5–1,1.0,SJ Earthquakes,20.188,Yankee Stadium,,Relatório da Partida,,/pt/partidas/b98f0356/New-York-City-FC-San-Jose-Earthquakes-2024Maio31-Major-League-Soccer
17,sáb,2024-06-01,19:30,Philadelphia,2.7,2–2,1.1,CF Montréal,19.026,Subaru Park,,Relatório da Partida,,/pt/partidas/6c9704fa/Philadelphia-Union-CF-Montreal-2024Junho1-Major-League-Soccer
17,sáb,2024-06-01,19:30,D.C. United,2.9,2–2,0.8,Toronto FC,19.215,Audi Field,,Relatório da Partida,,/pt/partidas/e2ae1793/DC-United-Toronto-FC-2024Junho1-Major-League-Soccer
17,sáb,2024-06-01,19:30,Inter Miami,2.6,3–3,1.6,St. Louis,20.793,Chase Stadium,,Relatório da Partida,,/pt/partidas/eb5fb03e/Inter-Miami-St-Louis-City-2024Junho1-Major-League-Soccer
17,sáb,2024-06-01,19:30,NY Red Bulls,0.8,1–0,0.4,Orlando City,18.039,Red Bull Arena,,Relatório da Partida,,/pt/partidas/ed7bcef7/New-York-Red-Bulls-Orlando-City-2024Junho1-Major-League-Soccer
17,dom,2024-06-02,16:45,Atlanta Utd,2.1,2–3,1.0,Charlotte,61.209,Mercedes-Benz Stadium,,Relatório da Partida,,/pt/partidas/1e81834c/Atlanta-United-Charlotte-FC-2024Junho2-Major-League-Soccer
17,sáb,2024-06-01,19:30,LAFC,1.5,1–0,0.4,FC Dallas,22.105,BMO Stadium,,Relatório da Partida,,/pt/partidas/10e07cd8/Los-Angeles-FC-FC-Dallas-2024Junho1-Major-League-Soccer
17,sáb,2024-06-01,19:30,RSL,3.8,5–1,1.3,Austin,21.078,America First Field,,Relatório da Partida,,/pt/partidas/4e312ea7/Real-Salt-Lake-Austin-FC-2024Junho1-Major-League-Soccer
17,sáb,2024-06-01,19:30,Minnesota Utd,1.6,3–1,0.7,Sporting KC,19.738,Allianz Field,,Relatório da Partida,,/pt/partidas/5cbf9829/Minnesota-United-Sporting-Kansas-City-2024Junho1-Major-League-Soccer
17,sáb,2024-06-01,19:30,Fire,1.0,2–1,1.5,LA Galaxy,25.237,Soldier Field,,Relatório da Partida,,/pt/partidas/628fc15b/Chicago-Fire-LA-Galaxy-2024Junho1-Major-League-Soccer
17,sáb,2024-06-01,19:30,Portland Timbers,1.7,2–2,1.0,Dynamo FC,21.214,Providence Park,,Relatório da Partida,,/pt/partidas/c9e0e6df/Portland-Timbers-Houston-Dynamo-2024Junho1-Major-League-Soccer
17,sáb,2024-06-01,19:30,Nashville,3.2,1–2,0.7,NE Revolution,26.842,Geodis Park,,Relatório da Partida,,/pt/partidas/ca9d6065/Nashville-SC-New-England-Revolution-2024Junho1-Major-League-Soccer
17,sáb,2024-06-01,19:30,Vancouver W'caps,2.3,2–1,1.5,Rapids,22.979,BC Place Stadium,,Relatório da Partida,,/pt/partidas/d7401fe4/Vancouver-Whitecaps-FC-Colorado-Rapids-2024Junho1-Major-League-Soccer
18,sáb,2024-06-08,19:30,NE Revolution,0.9,1–0,1.1,NY Red Bulls,29.288,Gillette Stadium,,Relatório da Partida,,/pt/partidas/6ef8bb0d/New-England-Revolution-New-York-Red-Bulls-2024Junho8-Major-League-Soccer
18,sáb,2024-06-08,19:30,Minnesota Utd,0.6,1–1,0.3,FC Dallas,19.759,Allianz Field,,Relatório da Partida,,/pt/partidas/611051e1/Minnesota-United-FC-Dallas-2024Junho8-Major-League-Soccer
18,sáb,2024-06-08,19:30,St. Louis,1.1,0–0,0.6,Portland Timbers,22.500,Citypark,,Relatório da Partida,,/pt/partidas/671bb1b0/St-Louis-City-Portland-Timbers-2024Junho8-Major-League-Soccer
18,sáb,2024-06-08,19:30,Sporting KC,0.7,2–1,1.1,Seattle,18.177,Children's Mercy Park,,Relatório da Partida,,/pt/partidas/749a3352/Sporting-Kansas-City-Seattle-Sounders-FC-2024Junho8-Major-League-Soccer
19,sáb,2024-06-15,19:30,CF Montréal,1.1,0–0,0.9,RSL,19.619,Stade Saputo,,Relatório da Partida,,/pt/partidas/0af6242a/CF-Montreal-Real-Salt-Lake-2024Junho15-Major-League-Soccer
19,sáb,2024-06-15,19:30,Orlando City,2.0,1–3,2.2,LAFC,22.563,Inter&Co Stadium,,Relatório da Partida,,/pt/partidas/10a41ebe/Orlando-City-Los-Angeles-FC-2024Junho15-Major-League-Soccer
19,sáb,2024-06-15,19:30,NE Revolution,1.0,3–2,0.7,Vancouver W'caps,27.078,Gillette Stadium,,Relatório da Partida,,/pt/partidas/519eb9c3/New-England-Revolution-Vancouver-Whitecaps-FC-2024Junho15-Major-League-Soccer
19,sáb,2024-06-15,19:30,NY Red Bulls,1.9,0–0,0.3,Nashville,,Red Bull Arena,,Relatório da Partida,,/pt/partidas/59694344/New-York-Red-Bulls-Nashville-SC-2024Junho15-Major-League-Soccer
19,sáb,2024-06-15,19:30,Atlanta Utd,1.8,2–2,1.5,Dynamo FC,42.630,Mercedes-Benz Stadium,,Relatório da Partida,,/pt/partidas/8e445374/Atlanta-United-Houston-Dynamo-2024Junho15-Major-League-Soccer
19,sáb,2024-06-15,19:30,Philadelphia,1.9,1–2,1.2,Inter Miami,19.513,Subaru Park,,Relatório da Partida,,/pt/partidas/9cc0529a/Philadelphia-Union-Inter-Miami-2024Junho15-Major-League-Soccer
19,sáb,2024-06-15,19:30,Charlotte,1.7,1–0,0.2,D.C. United,30.468,Bank of America Stadium,,Relatório da Partida,,/pt/partidas/b2d7ffe2/Charlotte-FC-DC-United-2024Junho15-Major-League-Soccer
19,sáb,2024-06-15,19:30,Toronto FC,0.9,1–4,1.1,Fire,28.303,BMO Field,,Relatório da Partida,,/pt/partidas/d3e2ccc1/Toronto-FC-Chicago-Fire-2024Junho15-Major-League-Soccer
19,sex,2024-06-14,20:40,NYCFC,2.2,2–3,3.6,Crew,20.622,Yankee Stadium,,Relatório da Partida,,/pt/partidas/b257fd16/New-York-City-FC-Columbus-Crew-2024Junho14-Major-League-Soccer
19,sáb,2024-06-15,19:30,LA Galaxy,3.2,4–2,2.6,Sporting KC,19.096,Dignity Health Sports Park,,Relatório da Partida,,/pt/partidas/083ebbce/LA-Galaxy-Sporting-Kansas-City-2024Junho15-Major-League-Soccer
19,sáb,2024-06-15,19:30,FC Dallas,1.3,2–0,1.6,St. Louis,19.096,Toyota Stadium,,Relatório da Partida,,/pt/partidas/518f8d53/FC-Dallas-St-Louis-City-2024Junho15-Major-League-Soccer
19,sáb,2024-06-15,19:30,Rapids,1.0,2–0,0.6,Austin,17.433,Dick's Sporting Goods Park,,Relatório da Partida,,/pt/partidas/a79d94b1/Colorado-Rapids-Austin-FC-2024Junho15-Major-League-Soccer
19,sáb,2024-06-15,19:30,Seattle,2.2,2–0,0.2,Minnesota Utd,31.026,Lumen Field,,Relatório da Partida,,/pt/partidas/b1a9a845/Seattle-Sounders-FC-Minnesota-United-2024Junho15-Major-League-Soccer
19,sáb,2024-06-15,19:30,SJ Earthquakes,2.9,2–4,1.9,FC Cincinnati,14.182,PayPal Park,,Relatório da Partida,,/pt/partidas/f3c4e115/San-Jose-Earthquakes-FC-Cincinnati-2024Junho15-Major-League-Soccer
20,qua,2024-06-19,19:30,Inter Miami,1.1,2–1,1.6,Crew,19.939,Chase Stadium,,Relatório da Partida,,/pt/partidas/2b3b7b51/Inter-Miami-Columbus-Crew-2024Junho19-Major-League-Soccer
20,qua,2024-06-19,19:30,Toronto FC,1.9,1–2,0.8,Nashville,23.361,BMO Field,,Relatório da Partida,,/pt/partidas/64daa8d8/Toronto-FC-Nashville-SC-2024Junho19-Major-League-Soccer
20,qua,2024-06-19,19:30,Charlotte,0.9,2–2,1.9,Orlando City,28.301,Bank of America Stadium,,Relatório da Partida,,/pt/partidas/ee7b834d/Charlotte-FC-Orlando-City-2024Junho19-Major-League-Soccer
20,qua,2024-06-19,19:30,CF Montréal,2.0,2–2,2.4,NY Red Bulls,19.619,Stade Saputo,,Relatório da Partida,,/pt/partidas/f91383d4/CF-Montreal-New-York-Red-Bulls-2024Junho19-Major-League-Soccer
20,qua,2024-06-19,19:30,D.C. United,1.2,0–1,0.9,Atlanta Utd,15.899,Audi Field,,Relatório da Partida,,/pt/partidas/fd7fd486/DC-United-Atlanta-United-2024Junho19-Major-League-Soccer
20,qua,2024-06-19,19:45,FC Cincinnati,2.2,4–3,1.2,Philadelphia,24.795,TQL Stadium,,Relatório da Partida,,/pt/partidas/be05b176/FC-Cincinnati-Philadelphia-Union-2024Junho19-Major-League-Soccer
20,qua,2024-06-19,19:30,LA Galaxy,1.7,2–0,0.8,NYCFC,20.043,Dignity Health Sports Park,,Relatório da Partida,,/pt/partidas/470c300c/LA-Galaxy-New-York-City-FC-2024Junho19-Major-League-Soccer
20,qua,2024-06-19,19:30,Austin,0.3,1–1,1.0,LAFC,20.738,Q2 Stadium,,Relatório da Partida,,/pt/partidas/56e8cca3/Austin-FC-Los-Angeles-FC-2024Junho19-Major-League-Soccer
20,qua,2024-06-19,19:30,SJ Earthquakes,1.4,1–2,2.2,Portland Timbers,12.122,PayPal Park,,Relatório da Partida,,/pt/partidas/855e2336/San-Jose-Earthquakes-Portland-Timbers-2024Junho19-Major-League-Soccer
20,qua,2024-06-19,19:30,Dynamo FC,2.6,2–2,1.1,Seattle,15.096,Shell Energy Stadium,,Relatório da Partida,,/pt/partidas/8a76bacd/Houston-Dynamo-Seattle-Sounders-FC-2024Junho19-Major-League-Soccer
20,qua,2024-06-19,19:30,St. Louis,1.7,0–3,3.4,Rapids,22.500,Citypark,,Relatório da Partida,,/pt/partidas/ab514d47/St-Louis-City-Colorado-Rapids-2024Junho19-Major-League-Soccer
20,qua,2024-06-19,19:30,FC Dallas,1.7,5–3,3.2,Minnesota Utd,19.096,Toyota Stadium,,Relatório da Partida,,/pt/partidas/d04dbf8d/FC-Dallas-Minnesota-United-2024Junho19-Major-League-Soccer
20,qua,2024-06-19,19:30,Sporting KC,2.7,3–4,2.7,RSL,16.414,Children's Mercy Park,,Relatório da Partida,,/pt/partidas/fd2e9aa9/Sporting-Kansas-City-Real-Salt-Lake-2024Junho19-Major-League-Soccer
21,sáb,2024-06-22,19:30,NY Red Bulls,1.6,3–0,0.2,Toronto FC,25.189,Red Bull Arena,,Relatório da Partida,,/pt/partidas/08da68e7/New-York-Red-Bulls-Toronto-FC-2024Junho22-Major-League-Soccer
21,sáb,2024-06-22,19:30,D.C. United,1.6,1–4,2.1,Dynamo FC,17.993,Audi Field,,Relatório da Partida,,/pt/partidas/63776ca0/DC-United-Houston-Dynamo-2024Junho22-Major-League-Soccer
21,sáb,2024-06-22,19:30,Crew,2.0,4–0,0.2,Sporting KC,20.818,Lower.com Field,,Relatório da Partida,,/pt/partidas/6e5024ee/Columbus-Crew-Sporting-Kansas-City-2024Junho22-Major-League-Soccer
21,sáb,2024-06-22,19:30,FC Cincinnati,1.2,1–2,0.5,NE Revolution,25.513,TQL Stadium,,Relatório da Partida,,/pt/partidas/84511c19/FC-Cincinnati-New-England-Revolution-2024Junho22-Major-League-Soccer
21,sáb,2024-06-22,19:30,Philadelphia,1.0,0–2,2.6,Charlotte,18.762,Subaru Park,,Relatório da Partida,,/pt/partidas/b0d4b5ba/Philadelphia-Union-Charlotte-FC-2024Junho22-Major-League-Soccer
21,sáb,2024-06-22,19:30,Orlando City,2.3,4–2,3.0,Fire,22.038,Inter&Co Stadium,,Relatório da Partida,,/pt/partidas/d11c358d/Orlando-City-Chicago-Fire-2024Junho22-Major-League-Soccer
21,sáb,2024-06-22,19:30,St. Louis,1.1,1–1,1.5,Atlanta Utd,22.500,Citypark,,Relatório da Partida,,/pt/partidas/25a3e9b8/St-Louis-City-Atlanta-United-2024Junho22-Major-League-Soccer
21,sáb,2024-06-22,19:30,Seattle,2.0,3–2,0.8,FC Dallas,30.093,Lumen Field,,Relatório da Partida,,/pt/partidas/4cef16cb/Seattle-Sounders-FC-FC-Dallas-2024Junho22-Major-League-Soccer
21,sáb,2024-06-22,19:30,RSL,1.0,0–1,0.8,LA Galaxy,21.570,America First Field,,Relatório da Partida,,/pt/partidas/675d8558/Real-Salt-Lake-LA-Galaxy-2024Junho22-Major-League-Soccer
21,sáb,2024-06-22,19:30,LAFC,3.0,6–2,1.3,SJ Earthquakes,22.146,BMO Stadium,,Relatório da Partida,,/pt/partidas/6b75e8c0/Los-Angeles-FC-San-Jose-Earthquakes-2024Junho22-Major-League-Soccer
21,sáb,2024-06-22,19:30,Rapids,3.1,4–1,0.3,CF Montréal,15.583,Dick's Sporting Goods Park,,Relatório da Partida,,/pt/partidas/8e7f6842/Colorado-Rapids-CF-Montreal-2024Junho22-Major-League-Soccer
21,sáb,2024-06-22,19:30,Portland Timbers,1.5,2–0,0.8,Vancouver W'caps,22.471,Providence Park,,Relatório da Partida,,/pt/partidas/97febfaa/Portland-Timbers-Vancouver-Whitecaps-FC-2024Junho22-Major-League-Soccer
21,sáb,2024-06-22,19:30,Nashville,1.3,1–0,1.3,NYCFC,29.663,Geodis Park,,Relatório da Partida,,/pt/partidas/9dbd8bc1/Nashville-SC-New-York-City-FC-2024Junho22-Major-League-Soccer
21,sáb,2024-06-22,19:30,Minnesota Utd,0.6,0–1,0.6,Austin,19.746,Allianz Field,,Relatório da Partida,,/pt/partidas/c419d850/Minnesota-United-Austin-FC-2024Junho22-Major-League-Soccer
22,sex,2024-06-28,19:30,NYCFC,1.8,4–2,1.2,Orlando City,21.447,Yankee Stadium,,Relatório da Partida,,/pt/partidas/4b0b42f5/New-York-City-FC-Orlando-City-2024Junho28-Major-League-Soccer
22,sáb,2024-06-29,19:30,Atlanta Utd,1.3,2–1,1.2,Toronto FC,42.568,Mercedes-Benz Stadium,,Relatório da Partida,,/pt/partidas/115a9ae4/Atlanta-United-Toronto-FC-2024Junho29-Major-League-Soccer
22,sáb,2024-06-29,19:30,NY Red Bulls,1.8,2–2,0.6,D.C. United,18.315,Red Bull Arena,,Relatório da Partida,,/pt/partidas/15593601/New-York-Red-Bulls-DC-United-2024Junho29-Major-League-Soccer
22,sáb,2024-06-29,19:30,CF Montréal,2.1,4–2,0.9,Philadelphia,19.619,Stade Saputo,,Relatório da Partida,,/pt/partidas/45280bcf/CF-Montreal-Philadelphia-Union-2024Junho29-Major-League-Soccer
22,sáb,2024-06-29,19:30,NE Revolution,1.4,1–5,2.6,Crew,25.004,Gillette Stadium,,Relatório da Partida,,/pt/partidas/f0c85ac7/New-England-Revolution-Columbus-Crew-2024Junho29-Major-League-Soccer
22,sáb,2024-06-29,19:30,LAFC,2.8,3–0,0.7,Rapids,22.019,BMO Stadium,,Relatório da Partida,,/pt/partidas/23594173/Los-Angeles-FC-Colorado-Rapids-2024Junho29-Major-League-Soccer
22,sáb,2024-06-29,19:30,Nashville,1.4,1–2,0.9,Inter Miami,30.109,Geodis Park,,Relatório da Partida,,/pt/partidas/29cb3cc4/Nashville-SC-Inter-Miami-2024Junho29-Major-League-Soccer
22,sáb,2024-06-29,19:30,Vancouver W'caps,1.5,4–3,1.9,St. Louis,24.662,BC Place Stadium,,Relatório da Partida,,/pt/partidas/82c20f2e/Vancouver-Whitecaps-FC-St-Louis-City-2024Junho29-Major-League-Soccer
22,sáb,2024-06-29,19:30,Seattle,2.3,2–1,1.7,Fire,30.045,Lumen Field,,Relatório da Partida,,/pt/partidas/96faaf3d/Seattle-Sounders-FC-Chicago-Fire-2024Junho29-Major-League-Soccer
22,sáb,2024-06-29,19:30,Dynamo FC,1.4,1–0,1.0,Charlotte,15.321,Shell Energy Stadium,,Relatório da Partida,,/pt/partidas/a5f4413f/Houston-Dynamo-Charlotte-FC-2024Junho29-Major-League-Soccer
22,sáb,2024-06-29,19:30,Portland Timbers,4.0,3–2,1.7,Minnesota Utd,22.227,Providence Park,,Relatório da Partida,,/pt/partidas/bfc408d1/Portland-Timbers-Minnesota-United-2024Junho29-Major-League-Soccer
22,sáb,2024-06-29,19:30,Sporting KC,1.8,2–0,0.5,Austin,18.722,Children's Mercy Park,,Relatório da Partida,,/pt/partidas/ce03db3e/Sporting-Kansas-City-Austin-FC-2024Junho29-Major-League-Soccer
22,sáb,2024-06-29,19:30,SJ Earthquakes,1.9,0–3,2.3,LA Galaxy,40.844,Stanford Stadium,,Relatório da Partida,,/pt/partidas/d25b8ed4/California-Clasico-San-Jose-Earthquakes-LA-Galaxy-2024Junho29-Major-League-Soccer
22,sáb,2024-06-29,19:30,FC Dallas,1.0,0–1,1.1,FC Cincinnati,19.096,Toyota Stadium,,Relatório da Partida,,/pt/partidas/dc85f8b9/FC-Dallas-FC-Cincinnati-2024Junho29-Major-League-Soccer
23,qua,2024-07-03,19:30,Toronto FC,1.1,1–2,1.3,Orlando City,23.877,BMO Field,,Relatório da Partida,,/pt/partidas/5c2bd91d/Toronto-FC-Orlando-City-2024Julho3-Major-League-Soccer
23,qua,2024-07-03,19:30,Charlotte,1.5,1–2,1.7,Inter Miami,47.218,Bank of America Stadium,,Relatório da Partida,,/pt/partidas/6b7b4ed7/Charlotte-FC-Inter-Miami-2024Julho3-Major-League-Soccer
23,qua,2024-07-03,19:30,NYCFC,2.6,2–0,0.9,CF Montréal,18.209,Citi Field,,Relatório da Partida,,/pt/partidas/93a95f71/New-York-City-FC-CF-Montreal-2024Julho3-Major-League-Soccer
23,qua,2024-07-03,19:30,D.C. United,1.1,2–3,1.3,FC Cincinnati,16.716,Audi Field,,Relatório da Partida,,/pt/partidas/e002df43/DC-United-FC-Cincinnati-2024Julho3-Major-League-Soccer
23,qua,2024-07-03,19:45,NE Revolution,1.4,2–1,1.9,Atlanta Utd,20.171,Gillette Stadium,,Relatório da Partida,,/pt/partidas/9e059caa/New-England-Revolution-Atlanta-United-2024Julho3-Major-League-Soccer
23,qua,2024-07-03,19:30,Fire,3.2,4–3,1.3,Philadelphia,19.453,Soldier Field,,Relatório da Partida,,/pt/partidas/0324e353/Chicago-Fire-Philadelphia-Union-2024Julho3-Major-League-Soccer
23,qua,2024-07-03,19:30,Minnesota Utd,2.9,1–3,1.4,Vancouver W'caps,19.684,Allianz Field,,Relatório da Partida,,/pt/partidas/3f94d9e8/Minnesota-United-Vancouver-Whitecaps-FC-2024Julho3-Major-League-Soccer
23,qua,2024-07-03,19:30,St. Louis,3.3,2–0,0.3,SJ Earthquakes,22.500,Citypark,,Relatório da Partida,,/pt/partidas/ca39c1ab/St-Louis-City-San-Jose-Earthquakes-2024Julho3-Major-League-Soccer
23,qua,2024-07-03,19:30,RSL,3.6,3–2,0.7,Dynamo FC,21.522,America First Field,,Relatório da Partida,,/pt/partidas/d1efe5b4/Real-Salt-Lake-Houston-Dynamo-2024Julho3-Major-League-Soccer
23,qua,2024-07-03,20:45,Crew,2.3,2–0,0.8,Nashville,20.411,Lower.com Field,,Relatório da Partida,,/pt/partidas/3f6abc7c/Columbus-Crew-Nashville-SC-2024Julho3-Major-League-Soccer
23,qui,2024-07-04,19:30,FC Dallas,1.2,3–2,1.4,Portland Timbers,19.096,Toyota Stadium,,Relatório da Partida,,/pt/partidas/388a8728/FC-Dallas-Portland-Timbers-2024Julho4-Major-League-Soccer
23,qui,2024-07-04,19:30,Rapids,2.5,2–1,1.3,Sporting KC,18.183,Dick's Sporting Goods Park,,Relatório da Partida,,/pt/partidas/bd6ee7c1/Colorado-Rapids-Sporting-Kansas-City-2024Julho4-Major-League-Soccer
23,qui,2024-07-04,19:40,LA Galaxy,0.9,1–2,2.5,LAFC,70.076,Rose Bowl,,Relatório da Partida,,/pt/partidas/0f24e61f/El-Trafico-LA-Galaxy-Los-Angeles-FC-2024Julho4-Major-League-Soccer
24,sáb,2024-07-06,19:30,Orlando City,2.3,5–0,0.3,D.C. United,22.561,Inter&Co Stadium,,Relatório da Partida,,/pt/partidas/8ffa5713/Orlando-City-DC-United-2024Julho6-Major-League-Soccer
24,sáb,2024-07-06,19:30,FC Cincinnati,3.7,6–1,1.2,Inter Miami,25.513,TQL Stadium,,Relatório da Partida,,/pt/partidas/93dc3067/FC-Cincinnati-Inter-Miami-2024Julho6-Major-League-Soccer
24,sáb,2024-07-06,19:30,Crew,2.0,4–0,0.4,Toronto FC,20.547,Lower.com Field,,Relatório da Partida,,/pt/partidas/c9508ef2/Columbus-Crew-Toronto-FC-2024Julho6-Major-League-Soccer
24,sáb,2024-07-06,19:30,CF Montréal,0.9,1–1,1.4,Vancouver W'caps,19.619,Stade Saputo,,Relatório da Partida,,/pt/partidas/d6dfedd9/CF-Montreal-Vancouver-Whitecaps-FC-2024Julho6-Major-League-Soccer
24,sáb,2024-07-06,19:30,Philadelphia,2.5,0–0,3.1,NY Red Bulls,18.915,Subaru Park,,Relatório da Partida,,/pt/partidas/dd691a72/Philadelphia-Union-New-York-Red-Bulls-2024Julho6-Major-League-Soccer
24,sáb,2024-07-06,19:30,Seattle,0.8,2–0,0.7,NE Revolution,30.017,Lumen Field,,Relatório da Partida,,/pt/partidas/72bc2e56/Seattle-Sounders-FC-New-England-Revolution-2024Julho6-Major-League-Soccer
24,sáb,2024-07-06,19:30,RSL,1.7,5–2,1.3,Atlanta Utd,20.396,America First Field,,Relatório da Partida,,/pt/partidas/d3d791b4/Real-Salt-Lake-Atlanta-United-2024Julho6-Major-League-Soccer
24,sáb,2024-07-06,20:55,Austin,1.1,2–1,2.3,NYCFC,20.738,Q2 Stadium,,Relatório da Partida,,/pt/partidas/f4174a1e/Austin-FC-New-York-City-FC-2024Julho6-Major-League-Soccer
24,dom,2024-07-07,17:30,SJ Earthquakes,1.3,1–0,1.3,Fire,10.104,PayPal Park,,Relatório da Partida,,/pt/partidas/fb6f2fb8/San-Jose-Earthquakes-Chicago-Fire-2024Julho7-Major-League-Soccer
24,dom,2024-07-07,19:30,Sporting KC,2.3,3–2,1.8,FC Dallas,17.457,Children's Mercy Park,,Relatório da Partida,,/pt/partidas/04d1f89e/Sporting-Kansas-City-FC-Dallas-2024Julho7-Major-League-Soccer
24,dom,2024-07-07,19:30,Rapids,2.1,4–1,1.0,St. Louis,16.331,Dick's Sporting Goods Park,,Relatório da Partida,,/pt/partidas/17b212c1/Colorado-Rapids-St-Louis-City-2024Julho7-Major-League-Soccer
24,dom,2024-07-07,19:30,Portland Timbers,3.2,4–1,2.1,Nashville,20.616,Providence Park,,Relatório da Partida,,/pt/partidas/51827950/Portland-Timbers-Nashville-SC-2024Julho7-Major-League-Soccer
24,dom,2024-07-07,19:30,LA Galaxy,2.5,2–1,1.2,Minnesota Utd,20.043,Dignity Health Sports Park,,Relatório da Partida,,/pt/partidas/6008e564/LA-Galaxy-Minnesota-United-2024Julho7-Major-League-Soccer
25,sáb,2024-07-13,19:30,Toronto FC,0.9,2–1,1.0,Philadelphia,25.880,BMO Field,,Relatório da Partida,,/pt/partidas/27a7f49f/Toronto-FC-Philadelphia-Union-2024Julho13-Major-League-Soccer
25,sáb,2024-07-13,19:30,NE Revolution,1.0,1–3,1.2,Orlando City,24.193,Gillette Stadium,,Relatório da Partida,,/pt/partidas/6615b63b/New-England-Revolution-Orlando-City-2024Julho13-Major-League-Soccer
25,sáb,2024-07-13,19:30,D.C. United,2.1,2–1,0.7,Nashville,,Audi Field,,Relatório da Partida,,/pt/partidas/99ce6c56/DC-United-Nashville-SC-2024Julho13-Major-League-Soccer
25,sáb,2024-07-13,19:30,FC Cincinnati,2.1,1–3,1.7,Charlotte,25.513,TQL Stadium,,Relatório da Partida,,/pt/partidas/ab9eac8f/FC-Cincinnati-Charlotte-FC-2024Julho13-Major-League-Soccer
25,sáb,2024-07-13,19:30,CF Montréal,2.1,1–0,0.4,Atlanta Utd,,Stade Saputo,,Relatório da Partida,,/pt/partidas/faa718d1/CF-Montreal-Atlanta-United-2024Julho13-Major-League-Soccer
25,sáb,2024-07-13,19:25,Portland Timbers,1.6,3–0,0.6,RSL,23.014,Providence Park,,Relatório da Partida,,/pt/partidas/31a6fd1a/Portland-Timbers-Real-Salt-Lake-2024Julho13-Major-League-Soccer
25,sáb,2024-07-13,19:30,SJ Earthquakes,0.7,1–2,0.9,Sporting KC,12.034,PayPal Park,,Relatório da Partida,,/pt/partidas/43e4e2ad/San-Jose-Earthquakes-Sporting-Kansas-City-2024Julho13-Major-League-Soccer
25,sáb,2024-07-13,19:30,LAFC,1.3,1–5,2.1,Crew,22.127,BMO Stadium,,Relatório da Partida,,/pt/partidas/493e8795/Los-Angeles-FC-Columbus-Crew-2024Julho13-Major-League-Soccer
25,sáb,2024-07-13,19:30,FC Dallas,1.3,2–0,0.4,LA Galaxy,19.096,Toyota Stadium,,Relatório da Partida,,/pt/partidas/4bc68976/FC-Dallas-LA-Galaxy-2024Julho13-Major-League-Soccer
25,sáb,2024-07-13,19:30,Fire,0.9,0–0,0.8,NYCFC,,Soldier Field,,Relatório da Partida,,/pt/partidas/7c37f917/Chicago-Fire-New-York-City-FC-2024Julho13-Major-League-Soccer
25,sáb,2024-07-13,19:30,St. Louis,1.3,1–4,2.7,Vancouver W'caps,,Citypark,,Relatório da Partida,,/pt/partidas/80734a17/St-Louis-City-Vancouver-Whitecaps-FC-2024Julho13-Major-League-Soccer
25,sáb,2024-07-13,19:30,Rapids,1.9,1–1,1.6,NY Red Bulls,,Dick's Sporting Goods Park,,Relatório da Partida,,/pt/partidas/ab60fec8/Colorado-Rapids-New-York-Red-Bulls-2024Julho13-Major-League-Soccer
25,sáb,2024-07-13,19:30,Austin,0.6,0–1,0.8,Seattle,20.738,Q2 Stadium,,Relatório da Partida,,/pt/partidas/fcbd4ca6/Austin-FC-Seattle-Sounders-FC-2024Julho13-Major-League-Soccer
25,sáb,2024-07-13,20:27,Dynamo FC,0.9,1–1,0.6,Minnesota Utd,,Shell Energy Stadium,,Relatório da Partida,,/pt/partidas/664cf277/Houston-Dynamo-Minnesota-United-2024Julho13-Major-League-Soccer
26,qua,2024-07-17,19:30,Atlanta Utd,1.4,2–2,1.5,NYCFC,42.524,Mercedes-Benz Stadium,,Relatório da Partida,,/pt/partidas/23b76cb4/Atlanta-United-New-York-City-FC-2024Julho17-Major-League-Soccer
26,qua,2024-07-17,19:30,Philadelphia,2.3,5–1,0.1,NE Revolution,,Subaru Park,,Relatório da Partida,,/pt/partidas/60f17870/Philadelphia-Union-New-England-Revolution-2024Julho17-Major-League-Soccer
26,qua,2024-07-17,19:30,Crew,1.8,1–1,2.1,Charlotte,20.793,Lower.com Field,,Relatório da Partida,,/pt/partidas/b4944b94/Columbus-Crew-Charlotte-FC-2024Julho17-Major-League-Soccer
26,qua,2024-07-17,19:30,NY Red Bulls,1.9,2–2,1.3,CF Montréal,15.128,Red Bull Arena,,Relatório da Partida,,/pt/partidas/b5f24684/New-York-Red-Bulls-CF-Montreal-2024Julho17-Major-League-Soccer
26,qua,2024-07-17,19:30,Inter Miami,1.4,3–1,0.8,Toronto FC,,Chase Stadium,,Relatório da Partida,,/pt/partidas/e9eb6b8b/Inter-Miami-Toronto-FC-2024Julho17-Major-League-Soccer
26,qua,2024-07-17,19:30,FC Cincinnati,1.5,0–1,1.6,Fire,25.513,TQL Stadium,,Relatório da Partida,,/pt/partidas/f4964b7c/FC-Cincinnati-Chicago-Fire-2024Julho17-Major-League-Soccer
26,qua,2024-07-17,19:30,Seattle,1.7,2–0,0.7,St. Louis,30.032,Lumen Field,,Relatório da Partida,,/pt/partidas/3755ad8a/Seattle-Sounders-FC-St-Louis-City-2024Julho17-Major-League-Soccer
26,qua,2024-07-17,19:30,Nashville,0.3,0–3,1.3,Orlando City,,Geodis Park,,Relatório da Partida,,/pt/partidas/4ab1add3/Nashville-SC-Orlando-City-2024Julho17-Major-League-Soccer
26,qua,2024-07-17,19:30,Vancouver W'caps,1.3,2–1,1.3,Sporting KC,,BC Place Stadium,,Relatório da Partida,,/pt/partidas/6a53bdca/Vancouver-Whitecaps-FC-Sporting-Kansas-City-2024Julho17-Major-League-Soccer
26,qua,2024-07-17,19:30,FC Dallas,2.1,3–1,0.7,Austin,,Toyota Stadium,,Relatório da Partida,,/pt/partidas/cb449b4c/FC-Dallas-Austin-FC-2024Julho17-Major-League-Soccer
26,qua,2024-07-17,19:30,Minnesota Utd,0.6,2–3,1.3,D.C. United,19.742,Allianz Field,,Relatório da Partida,,/pt/partidas/e2bbd69d/Minnesota-United-DC-United-2024Julho17-Major-League-Soccer
26,qua,2024-07-17,19:30,LA Galaxy,2.0,3–2,2.3,Rapids,19.488,Dignity Health Sports Park,,Relatório da Partida,,/pt/partidas/f10780b4/LA-Galaxy-Colorado-Rapids-2024Julho17-Major-League-Soccer
26,qua,2024-07-17,19:30,SJ Earthquakes,0.7,0–1,1.3,Dynamo FC,12.177,PayPal Park,,Relatório da Partida,,/pt/partidas/fd6a2d43/San-Jose-Earthquakes-Houston-Dynamo-2024Julho17-Major-League-Soccer
26,qua,2024-07-17,19:45,LAFC,0.8,1–1,1.4,RSL,,BMO Stadium,,Relatório da Partida,,/pt/partidas/c7b119b8/Los-Angeles-FC-Real-Salt-Lake-2024Julho17-Major-League-Soccer
27,sáb,2024-07-20,19:30,Inter Miami,2.3,2–1,0.7,Fire,,Chase Stadium,,Relatório da Partida,,/pt/partidas/0b92d25c/Inter-Miami-Chicago-Fire-2024Julho20-Major-League-Soccer
27,sáb,2024-07-20,19:30,Philadelphia,4.3,3–0,1.7,Nashville,18.962,Subaru Park,,Relatório da Partida,,/pt/partidas/6745eb76/Philadelphia-Union-Nashville-SC-2024Julho20-Major-League-Soccer
27,sáb,2024-07-20,19:30,NE Revolution,1.0,1–1,1.2,FC Dallas,28.260,Gillette Stadium,,Relatório da Partida,,/pt/partidas/af5d68bd/New-England-Revolution-FC-Dallas-2024Julho20-Major-League-Soccer
27,sáb,2024-07-20,19:30,CF Montréal,1.2,0–1,1.2,Toronto FC,,Stade Saputo,,Relatório da Partida,,/pt/partidas/c6c47bd5/CF-Montreal-Toronto-FC-2024Julho20-Major-League-Soccer
27,sáb,2024-07-20,19:30,NY Red Bulls,1.9,3–1,0.5,FC Cincinnati,,Red Bull Arena,,Relatório da Partida,,/pt/partidas/d22e2ea6/New-York-Red-Bulls-FC-Cincinnati-2024Julho20-Major-League-Soccer
27,sáb,2024-07-20,19:30,Orlando City,0.6,1–1,1.3,NYCFC,,Inter&Co Stadium,,Relatório da Partida,,/pt/partidas/dc671d08/Orlando-City-New-York-City-FC-2024Julho20-Major-League-Soccer
27,sáb,2024-07-20,19:30,Atlanta Utd,2.0,2–1,1.8,Crew,,Mercedes-Benz Stadium,,Relatório da Partida,,/pt/partidas/e9c95c54/Atlanta-United-Columbus-Crew-2024Julho20-Major-League-Soccer
27,sáb,2024-07-20,19:30,Austin,1.8,2–2,2.3,Charlotte,,Q2 Stadium,,Relatório da Partida,,/pt/partidas/1860ab70/Austin-FC-Charlotte-FC-2024Julho20-Major-League-Soccer
27,sáb,2024-07-20,19:30,Sporting KC,2.2,1–1,0.8,St. Louis,19.876,Children's Mercy Park,,Relatório da Partida,,/pt/partidas/3479c662/Sporting-Kansas-City-St-Louis-City-2024Julho20-Major-League-Soccer
27,sáb,2024-07-20,19:30,Vancouver W'caps,3.3,3–4,1.2,Dynamo FC,24.114,BC Place Stadium,,Relatório da Partida,,/pt/partidas/43d2d102/Vancouver-Whitecaps-FC-Houston-Dynamo-2024Julho20-Major-League-Soccer
27,sáb,2024-07-20,19:30,Minnesota Utd,1.8,2–0,1.4,SJ Earthquakes,,Allianz Field,,Relatório da Partida,,/pt/partidas/67f48250/Minnesota-United-San-Jose-Earthquakes-2024Julho20-Major-League-Soccer
27,sáb,2024-07-20,19:30,Rapids,2.2,3–2,0.7,RSL,,Dick's Sporting Goods Park,,Relatório da Partida,,/pt/partidas/c065ff91/Colorado-Rapids-Real-Salt-Lake-2024Julho20-Major-League-Soccer
27,sáb,2024-07-20,19:30,Seattle,1.9,0–3,1.6,LAFC,,Lumen Field,,Relatório da Partida,,/pt/partidas/ce8fd7d6/Seattle-Sounders-FC-Los-Angeles-FC-2024Julho20-Major-League-Soccer
27,sáb,2024-07-20,19:45,LA Galaxy,1.8,3–2,1.2,Portland Timbers,,Dignity Health Sports Park,,Relatório da Partida,,/pt/partidas/f6e88d1c/LA-Galaxy-Portland-Timbers-2024Julho20-Major-League-Soccer
28,sáb,2024-08-24,17:45,Minnesota Utd,2.1,2–3,1.5,Seattle,19.751,Allianz Field,,Relatório da Partida,,/pt/partidas/e5be22d7/Minnesota-United-Seattle-Sounders-FC-2024Agosto24-Major-League-Soccer
28,sáb,2024-08-24,19:30,NYCFC,1.3,2–2,1.6,Fire,24.428,Citi Field,,Relatório da Partida,,/pt/partidas/00e2206c/New-York-City-FC-Chicago-Fire-2024Agosto24-Major-League-Soccer
28,sáb,2024-08-24,19:30,Inter Miami,0.5,2–0,1.4,FC Cincinnati,20.106,Chase Stadium,,Relatório da Partida,,/pt/partidas/46878a80/Inter-Miami-FC-Cincinnati-2024Agosto24-Major-League-Soccer
28,sáb,2024-08-24,19:30,D.C. United,1.4,3–4,2.6,FC Dallas,,Audi Field,,Relatório da Partida,,/pt/partidas/acc84c90/DC-United-FC-Dallas-2024Agosto24-Major-League-Soccer
28,sáb,2024-08-24,19:30,Charlotte,1.2,1–1,2.1,NY Red Bulls,,Bank of America Stadium,,Relatório da Partida,,/pt/partidas/f82480f6/Charlotte-FC-New-York-Red-Bulls-2024Agosto24-Major-League-Soccer
28,sáb,2024-08-24,19:30,CF Montréal,0.9,0–5,2.3,NE Revolution,19.619,Stade Saputo,,Relatório da Partida,,/pt/partidas/fc1099f0/CF-Montreal-New-England-Revolution-2024Agosto24-Major-League-Soccer
28,sáb,2024-08-24,19:30,LA Galaxy,4.1,2–0,1.0,Atlanta Utd,25.174,Dignity Health Sports Park,,Relatório da Partida,,/pt/partidas/235f179c/LA-Galaxy-Atlanta-United-2024Agosto24-Major-League-Soccer
28,sáb,2024-08-24,19:30,Sporting KC,1.1,3–0,1.3,Orlando City,,Children's Mercy Park,,Relatório da Partida,,/pt/partidas/305def97/Sporting-Kansas-City-Orlando-City-2024Agosto24-Major-League-Soccer
28,sáb,2024-08-24,19:30,RSL,0.7,0–2,2.0,SJ Earthquakes,21.015,America First Field,,Relatório da Partida,,/pt/partidas/4d34c7cf/Real-Salt-Lake-San-Jose-Earthquakes-2024Agosto24-Major-League-Soccer
28,sáb,2024-08-24,19:30,Portland Timbers,4.2,4–4,1.5,St. Louis,,Providence Park,,Relatório da Partida,,/pt/partidas/85dc8761/Portland-Timbers-St-Louis-City-2024Agosto24-Major-League-Soccer
28,sáb,2024-08-24,19:30,Nashville,1.9,0–2,2.1,Austin,,Geodis Park,,Relatório da Partida,,/pt/partidas/8c7d3a43/Nashville-SC-Austin-FC-2024Agosto24-Major-League-Soccer
28,sáb,2024-08-24,19:30,Dynamo FC,1.2,0–1,0.6,Toronto FC,,Shell Energy Stadium,,Relatório da Partida,,/pt/partidas/b9f589d4/Houston-Dynamo-Toronto-FC-2024Agosto24-Major-League-Soccer
28,qua,2024-08-28,19:30,Philadelphia,1.2,0–1,1.3,Crew,,Subaru Park,,Relatório da Partida,,/pt/partidas/8c446928/Philadelphia-Union-Columbus-Crew-2024Agosto28-Major-League-Soccer
29,sáb,2024-08-31,19:30,Toronto FC,0.6,1–3,1.7,D.C. United,,BMO Field,Marcos de Oliveira,Relatório da Partida,,/pt/partidas/035907cf/Toronto-FC-DC-United-2024Agosto31-Major-League-Soccer
29,sáb,2024-08-31,19:30,Orlando City,2.0,3–0,1.9,Nashville,,Inter&Co Stadium,Victor Rivas,Relatório da Partida,,/pt/partidas/6b085b5a/Orlando-City-Nashville-SC-2024Agosto31-Major-League-Soccer
29,sáb,2024-08-31,19:30,Crew,2.9,4–2,1.7,NYCFC,,Lower.com Field,Ted Unkel,Relatório da Partida,,/pt/partidas/72230c82/Columbus-Crew-New-York-City-FC-2024Agosto31-Major-League-Soccer
29,sáb,2024-08-31,19:30,FC Cincinnati,1.0,4–1,1.1,CF Montréal,,TQL Stadium,Jon Freemon,Relatório da Partida,,/pt/partidas/763be4b7/FC-Cincinnati-CF-Montreal-2024Agosto31-Major-League-Soccer
29,sáb,2024-08-31,19:30,NY Red Bulls,1.6,0–2,2.4,Philadelphia,,Red Bull Arena,Jair Marrufo,Relatório da Partida,,/pt/partidas/9dcf6b5c/New-York-Red-Bulls-Philadelphia-Union-2024Agosto31-Major-League-Soccer
29,sáb,2024-08-31,19:30,Charlotte,0.9,0–1,1.8,Atlanta Utd,,Bank of America Stadium,Alexis Da Silva,Relatório da Partida,,/pt/partidas/c0cd18b9/Charlotte-FC-Atlanta-United-2024Agosto31-Major-League-Soccer
29,dom,2024-09-01,13:45,St. Louis,0.7,2–1,0.7,LA Galaxy,,Citypark,Joe Dickerson,Relatório da Partida,,/pt/partidas/64d5c015/St-Louis-City-LA-Galaxy-2024Setembro1-Major-League-Soccer
29,sáb,2024-08-31,19:30,Portland Timbers,1.1,1–0,0.8,Seattle,,Providence Park,Lukasz Szpala,Relatório da Partida,,/pt/partidas/01224e17/Portland-Timbers-Seattle-Sounders-FC-2024Agosto31-Major-League-Soccer
29,sáb,2024-08-31,19:30,LAFC,1.0,0–2,2.0,Dynamo FC,,BMO Stadium,Armando Villarreal,Relatório da Partida,,/pt/partidas/0275bc70/Los-Angeles-FC-Houston-Dynamo-2024Agosto31-Major-League-Soccer
29,sáb,2024-08-31,19:30,FC Dallas,2.6,2–3,2.2,Rapids,19.096,Toyota Stadium,Ricardo Montero,Relatório da Partida,,/pt/partidas/330726c3/FC-Dallas-Colorado-Rapids-2024Agosto31-Major-League-Soccer
29,sáb,2024-08-31,19:30,Fire,1.4,1–4,2.2,Inter Miami,55.385,Soldier Field,Pierre-Luc Lauziere,Relatório da Partida,,/pt/partidas/4021beb0/Chicago-Fire-Inter-Miami-2024Agosto31-Major-League-Soccer
29,sáb,2024-08-31,19:30,Austin,0.6,0–1,0.9,Vancouver W'caps,20.738,Q2 Stadium,Mark Allatin,Relatório da Partida,,/pt/partidas/573d7d4b/Austin-FC-Vancouver-Whitecaps-FC-2024Agosto31-Major-League-Soccer
29,sáb,2024-08-31,19:30,SJ Earthquakes,0.6,1–2,2.0,Minnesota Utd,,PayPal Park,Sergii Demianchuk,Relatório da Partida,,/pt/partidas/8e90b77b/San-Jose-Earthquakes-Minnesota-United-2024Agosto31-Major-League-Soccer
29,sáb,2024-08-31,19:30,RSL,2.6,2–0,0.7,NE Revolution,,America First Field,Fotis Bazakos,Relatório da Partida,,/pt/partidas/df8c77c3/Real-Salt-Lake-New-England-Revolution-2024Agosto31-Major-League-Soccer
17,sáb,2024-09-07,19:30,Crew,0.4,0–4,2.0,Seattle,20.523,Lower.com Field,Rosendo Mendoza,Relatório da Partida,,/pt/partidas/09dabec5/Columbus-Crew-Seattle-Sounders-FC-2024Setembro7-Major-League-Soccer
30,sáb,2024-09-07,19:30,NY Red Bulls,1.4,1–1,0.9,Sporting KC,,Red Bull Arena,Ramy Touchan,Relatório da Partida,,/pt/partidas/da562cb2/New-York-Red-Bulls-Sporting-Kansas-City-2024Setembro7-Major-League-Soccer
30,sáb,2024-09-07,19:30,NE Revolution,0.9,2–2,1.5,St. Louis,30.512,Gillette Stadium,Tim Ford,Relatório da Partida,,/pt/partidas/eadc3696/New-England-Revolution-St-Louis-City-2024Setembro7-Major-League-Soccer
24,sáb,2024-09-07,19:30,Dynamo FC,1.1,0–0,0.3,LAFC,,Shell Energy Stadium,Guido Gonzalez Jr.,Relatório da Partida,,/pt/partidas/6a574629/Houston-Dynamo-Los-Angeles-FC-2024Setembro7-Major-League-Soccer
30,sáb,2024-09-07,19:30,Vancouver W'caps,1.8,0–0,0.7,FC Dallas,,BC Place Stadium,Allen Chapman,Relatório da Partida,,/pt/partidas/6e65be1f/Vancouver-Whitecaps-FC-FC-Dallas-2024Setembro7-Major-League-Soccer
30,sáb,2024-09-07,19:30,Fire,0.5,1–2,0.7,D.C. United,16.426,SeatGeek Stadium,Fotis Bazakos,Relatório da Partida,,/pt/partidas/a6036159/Chicago-Fire-DC-United-2024Setembro7-Major-League-Soccer
31,sáb,2024-09-14,19:30,D.C. United,1.3,1–1,1.2,NYCFC,19.215,Audi Field,Ramy Touchan,Relatório da Partida,,/pt/partidas/00a6c938/DC-United-New-York-City-FC-2024Setembro14-Major-League-Soccer
31,sáb,2024-09-14,19:30,Atlanta Utd,0.5,0–2,1.1,Nashville,,Mercedes-Benz Stadium,Armando Villarreal,Relatório da Partida,,/pt/partidas/4dd80729/Atlanta-United-Nashville-SC-2024Setembro14-Major-League-Soccer
31,sáb,2024-09-14,19:30,Inter Miami,1.1,3–1,1.9,Philadelphia,,Chase Stadium,Boiko Serhii,Relatório da Partida,,/pt/partidas/9b54f115/Inter-Miami-Philadelphia-Union-2024Setembro14-Major-League-Soccer
31,sáb,2024-09-14,19:30,FC Cincinnati,0.3,0–0,1.3,Crew,,TQL Stadium,Joe Dickerson,Relatório da Partida,,/pt/partidas/9f5b80d7/FC-Cincinnati-Columbus-Crew-2024Setembro14-Major-League-Soccer
31,sáb,2024-09-14,19:30,CF Montréal,1.3,2–1,1.2,Charlotte,,Stade Saputo,Rubiel Vazquez,Relatório da Partida,,/pt/partidas/c3fe48e7/CF-Montreal-Charlotte-FC-2024Setembro14-Major-League-Soccer
31,sáb,2024-09-14,19:30,Toronto FC,1.1,2–1,3.3,Austin,,BMO Field,Chris Penso,Relatório da Partida,,/pt/partidas/f6ee0cae/Toronto-FC-Austin-FC-2024Setembro14-Major-League-Soccer
31,sáb,2024-09-14,19:30,Orlando City,2.1,3–0,1.2,NE Revolution,,Inter&Co Stadium,Tori Penso,Relatório da Partida,,/pt/partidas/ffb3c4ec/Orlando-City-New-England-Revolution-2024Setembro14-Major-League-Soccer
31,dom,2024-09-15,16:15,Seattle,2.9,2–0,0.7,Sporting KC,31.898,Lumen Field,Drew Fischer,Relatório da Partida,,/pt/partidas/a5937963/Seattle-Sounders-FC-Sporting-Kansas-City-2024Setembro15-Major-League-Soccer
31,sáb,2024-09-14,19:30,Fire,2.1,2–1,1.5,NY Red Bulls,,Soldier Field,Mark Allatin,Relatório da Partida,,/pt/partidas/755ea9f5/Chicago-Fire-New-York-Red-Bulls-2024Setembro14-Major-League-Soccer
31,sáb,2024-09-14,19:30,St. Louis,1.6,1–3,2.3,Minnesota Utd,,Citypark,Marcos de Oliveira,Relatório da Partida,,/pt/partidas/7d556c1d/St-Louis-City-Minnesota-United-2024Setembro14-Major-League-Soccer
31,sáb,2024-09-14,19:30,Vancouver W'caps,2.8,2–0,1.0,SJ Earthquakes,,BC Place Stadium,Lukasz Szpala,Relatório da Partida,,/pt/partidas/a3e99752/Vancouver-Whitecaps-FC-San-Jose-Earthquakes-2024Setembro14-Major-League-Soccer
31,sáb,2024-09-14,19:30,Dynamo FC,1.5,4–1,0.8,RSL,,Shell Energy Stadium,Jon Freemon,Relatório da Partida,,/pt/partidas/e0a8e36f/Houston-Dynamo-Real-Salt-Lake-2024Setembro14-Major-League-Soccer
31,sáb,2024-09-14,19:30,LA Galaxy,2.4,4–2,1.6,LAFC,,Dignity Health Sports Park,Ted Unkel,Relatório da Partida,,/pt/partidas/e7b27721/El-Trafico-LA-Galaxy-Los-Angeles-FC-2024Setembro14-Major-League-Soccer
31,sáb,2024-09-14,19:30,Rapids,1.3,2–1,2.1,Portland Timbers,16.038,Dick's Sporting Goods Park,Filip Dujic,Relatório da Partida,,/pt/partidas/e938a91e/Colorado-Rapids-Portland-Timbers-2024Setembro14-Major-League-Soccer
32,qua,2024-09-18,19:30,NYCFC,2.9,1–5,1.7,Philadelphia,19.153,Yankee Stadium,Pierre-Luc Lauziere,Relatório da Partida,,/pt/partidas/05c5af5a/New-York-City-FC-Philadelphia-Union-2024Setembro18-Major-League-Soccer
32,qua,2024-09-18,19:30,NE Revolution,1.3,2–2,0.4,CF Montréal,18.019,Gillette Stadium,Elijio Arreguin,Relatório da Partida,,/pt/partidas/785b7627/New-England-Revolution-CF-Montreal-2024Setembro18-Major-League-Soccer
32,qua,2024-09-18,19:30,Atlanta Utd,1.6,2–2,1.8,Inter Miami,,Mercedes-Benz Stadium,Rosendo Mendoza,Relatório da Partida,,/pt/partidas/ae626038/Atlanta-United-Inter-Miami-2024Setembro18-Major-League-Soccer
32,qua,2024-09-18,19:30,Toronto FC,0.9,0–2,1.1,Crew,21.355,BMO Field,Guido Gonzalez Jr.,Relatório da Partida,,/pt/partidas/d35b397d/Toronto-FC-Columbus-Crew-2024Setembro18-Major-League-Soccer
32,qua,2024-09-18,19:30,Minnesota Utd,1.7,1–2,1.2,FC Cincinnati,19.649,Allianz Field,Drew Fischer,Relatório da Partida,,/pt/partidas/21723188/Minnesota-United-FC-Cincinnati-2024Setembro18-Major-League-Soccer
32,qua,2024-09-18,19:30,RSL,2.1,3–2,2.1,FC Dallas,19.436,America First Field,Sergii Demianchuk,Relatório da Partida,,/pt/partidas/33e7a1b2/Real-Salt-Lake-FC-Dallas-2024Setembro18-Major-League-Soccer
32,qua,2024-09-18,19:30,Seattle,1.2,2–2,1.4,SJ Earthquakes,29.326,Lumen Field,Victor Rivas,Relatório da Partida,,/pt/partidas/4263fc6f/Seattle-Sounders-FC-San-Jose-Earthquakes-2024Setembro18-Major-League-Soccer
32,qua,2024-09-18,19:30,Portland Timbers,3.0,4–2,2.2,LA Galaxy,,Providence Park,Tim Ford,Relatório da Partida,,/pt/partidas/470ce725/Portland-Timbers-LA-Galaxy-2024Setembro18-Major-League-Soccer
32,qua,2024-09-18,19:30,Nashville,0.3,1–0,0.6,Fire,,Geodis Park,Rubiel Vazquez,Relatório da Partida,,/pt/partidas/5ccf3153/Nashville-SC-Chicago-Fire-2024Setembro18-Major-League-Soccer
32,qua,2024-09-18,19:30,LAFC,1.0,1–1,0.6,Austin,22.153,BMO Stadium,Allen Chapman,Relatório da Partida,,/pt/partidas/7a6a8af1/Los-Angeles-FC-Austin-FC-2024Setembro18-Major-League-Soccer
32,qua,2024-09-18,19:30,Sporting KC,3.0,4–1,0.6,Rapids,14.826,Children's Mercy Park,Fotis Bazakos,Relatório da Partida,,/pt/partidas/833399a2/Sporting-Kansas-City-Colorado-Rapids-2024Setembro18-Major-League-Soccer
32,qua,2024-09-18,19:30,Dynamo FC,1.2,1–1,1.1,Vancouver W'caps,14.282,Shell Energy Stadium,Alexis Da Silva,Relatório da Partida,,/pt/partidas/c910714a/Houston-Dynamo-Vancouver-Whitecaps-FC-2024Setembro18-Major-League-Soccer
32,qua,2024-09-18,20:15,Orlando City,1.3,2–0,0.2,Charlotte,22.902,Inter&Co Stadium,Marcos de Oliveira,Relatório da Partida,,/pt/partidas/d3dd9a7a/Orlando-City-Charlotte-FC-2024Setembro18-Major-League-Soccer
